"Q1.Likert.scale","Sheet","Column","Column_Num","Q2.Likert.scale","Q3.Likert.scale","Q4.Likert.scale","Q5.Likert.scale","Q6.Likert.scale","Q7.Likert.scale","Q8.Likert.scale","Q9.Likert.scale"
5,"DARWIN_DEEPSEEK_LTM","Q1.Likert.scale",3,NA,NA,NA,NA,NA,NA,NA,NA
5,"DARWIN_DEEPSEEK_LTM","Q1.Likert.scale",3,NA,NA,NA,NA,NA,NA,NA,NA
5,"DARWIN_DEEPSEEK_LTM","Q1.Likert.scale",3,NA,NA,NA,NA,NA,NA,NA,NA
5,"DARWIN_DEEPSEEK_LTM","Q1.Likert.scale",3,NA,NA,NA,NA,NA,NA,NA,NA
5,"DARWIN_DEEPSEEK_LTM","Q1.Likert.scale",3,NA,NA,NA,NA,NA,NA,NA,NA
5,"DARWIN_DEEPSEEK_LTM","Q1.Likert.scale",3,NA,NA,NA,NA,NA,NA,NA,NA
5,"DARWIN_DEEPSEEK_LTM","Q1.Likert.scale",3,NA,NA,NA,NA,NA,NA,NA,NA
5,"DARWIN_DEEPSEEK_LTM","Q1.Likert.scale",3,NA,NA,NA,NA,NA,NA,NA,NA
5,"DARWIN_DEEPSEEK_LTM","Q1.Likert.scale",3,NA,NA,NA,NA,NA,NA,NA,NA
5,"DARWIN_DEEPSEEK_LTM","Q1.Likert.scale",3,NA,NA,NA,NA,NA,NA,NA,NA
5,"DARWIN_DEEPSEEK_LTM","Q1.Likert.scale",3,NA,NA,NA,NA,NA,NA,NA,NA
4,"DARWIN_DEEPSEEK_LTM","Q1.Likert.scale",3,NA,NA,NA,NA,NA,NA,NA,NA
5,"DARWIN_DEEPSEEK_LTM","Q1.Likert.scale",3,NA,NA,NA,NA,NA,NA,NA,NA
5,"DARWIN_DEEPSEEK_LTM","Q1.Likert.scale",3,NA,NA,NA,NA,NA,NA,NA,NA
5,"DARWIN_DEEPSEEK_LTM","Q1.Likert.scale",3,NA,NA,NA,NA,NA,NA,NA,NA
5,"DARWIN_DEEPSEEK_LTM","Q1.Likert.scale",3,NA,NA,NA,NA,NA,NA,NA,NA
NA,"DARWIN_DEEPSEEK_LTM","Q2.Likert.scale",7,4,NA,NA,NA,NA,NA,NA,NA
NA,"DARWIN_DEEPSEEK_LTM","Q2.Likert.scale",7,4,NA,NA,NA,NA,NA,NA,NA
NA,"DARWIN_DEEPSEEK_LTM","Q2.Likert.scale",7,4,NA,NA,NA,NA,NA,NA,NA
NA,"DARWIN_DEEPSEEK_LTM","Q2.Likert.scale",7,4,NA,NA,NA,NA,NA,NA,NA
NA,"DARWIN_DEEPSEEK_LTM","Q2.Likert.scale",7,4,NA,NA,NA,NA,NA,NA,NA
NA,"DARWIN_DEEPSEEK_LTM","Q2.Likert.scale",7,4,NA,NA,NA,NA,NA,NA,NA
NA,"DARWIN_DEEPSEEK_LTM","Q2.Likert.scale",7,4,NA,NA,NA,NA,NA,NA,NA
NA,"DARWIN_DEEPSEEK_LTM","Q2.Likert.scale",7,4,NA,NA,NA,NA,NA,NA,NA
NA,"DARWIN_DEEPSEEK_LTM","Q2.Likert.scale",7,4,NA,NA,NA,NA,NA,NA,NA
NA,"DARWIN_DEEPSEEK_LTM","Q2.Likert.scale",7,4,NA,NA,NA,NA,NA,NA,NA
NA,"DARWIN_DEEPSEEK_LTM","Q2.Likert.scale",7,4,NA,NA,NA,NA,NA,NA,NA
NA,"DARWIN_DEEPSEEK_LTM","Q2.Likert.scale",7,4,NA,NA,NA,NA,NA,NA,NA
NA,"DARWIN_DEEPSEEK_LTM","Q2.Likert.scale",7,4,NA,NA,NA,NA,NA,NA,NA
NA,"DARWIN_DEEPSEEK_LTM","Q2.Likert.scale",7,4,NA,NA,NA,NA,NA,NA,NA
NA,"DARWIN_DEEPSEEK_LTM","Q2.Likert.scale",7,4,NA,NA,NA,NA,NA,NA,NA
NA,"DARWIN_DEEPSEEK_LTM","Q2.Likert.scale",7,5,NA,NA,NA,NA,NA,NA,NA
NA,"DARWIN_DEEPSEEK_LTM","Q3.Likert.scale",11,NA,4,NA,NA,NA,NA,NA,NA
NA,"DARWIN_DEEPSEEK_LTM","Q3.Likert.scale",11,NA,4,NA,NA,NA,NA,NA,NA
NA,"DARWIN_DEEPSEEK_LTM","Q3.Likert.scale",11,NA,3,NA,NA,NA,NA,NA,NA
NA,"DARWIN_DEEPSEEK_LTM","Q3.Likert.scale",11,NA,4,NA,NA,NA,NA,NA,NA
NA,"DARWIN_DEEPSEEK_LTM","Q3.Likert.scale",11,NA,5,NA,NA,NA,NA,NA,NA
NA,"DARWIN_DEEPSEEK_LTM","Q3.Likert.scale",11,NA,4,NA,NA,NA,NA,NA,NA
NA,"DARWIN_DEEPSEEK_LTM","Q3.Likert.scale",11,NA,NA,NA,NA,NA,NA,NA,NA
NA,"DARWIN_DEEPSEEK_LTM","Q3.Likert.scale",11,NA,NA,NA,NA,NA,NA,NA,NA
NA,"DARWIN_DEEPSEEK_LTM","Q3.Likert.scale",11,NA,4,NA,NA,NA,NA,NA,NA
NA,"DARWIN_DEEPSEEK_LTM","Q3.Likert.scale",11,NA,4,NA,NA,NA,NA,NA,NA
NA,"DARWIN_DEEPSEEK_LTM","Q3.Likert.scale",11,NA,4,NA,NA,NA,NA,NA,NA
NA,"DARWIN_DEEPSEEK_LTM","Q3.Likert.scale",11,NA,4,NA,NA,NA,NA,NA,NA
NA,"DARWIN_DEEPSEEK_LTM","Q3.Likert.scale",11,NA,4,NA,NA,NA,NA,NA,NA
NA,"DARWIN_DEEPSEEK_LTM","Q3.Likert.scale",11,NA,4,NA,NA,NA,NA,NA,NA
NA,"DARWIN_DEEPSEEK_LTM","Q3.Likert.scale",11,NA,4,NA,NA,NA,NA,NA,NA
NA,"DARWIN_DEEPSEEK_LTM","Q3.Likert.scale",11,NA,4,NA,NA,NA,NA,NA,NA
NA,"DARWIN_DEEPSEEK_LTM","Q4.Likert.scale",15,NA,NA,4,NA,NA,NA,NA,NA
NA,"DARWIN_DEEPSEEK_LTM","Q4.Likert.scale",15,NA,NA,5,NA,NA,NA,NA,NA
NA,"DARWIN_DEEPSEEK_LTM","Q4.Likert.scale",15,NA,NA,4,NA,NA,NA,NA,NA
NA,"DARWIN_DEEPSEEK_LTM","Q4.Likert.scale",15,NA,NA,5,NA,NA,NA,NA,NA
NA,"DARWIN_DEEPSEEK_LTM","Q4.Likert.scale",15,NA,NA,5,NA,NA,NA,NA,NA
NA,"DARWIN_DEEPSEEK_LTM","Q4.Likert.scale",15,NA,NA,3,NA,NA,NA,NA,NA
NA,"DARWIN_DEEPSEEK_LTM","Q4.Likert.scale",15,NA,NA,5,NA,NA,NA,NA,NA
NA,"DARWIN_DEEPSEEK_LTM","Q4.Likert.scale",15,NA,NA,NA,NA,NA,NA,NA,NA
NA,"DARWIN_DEEPSEEK_LTM","Q4.Likert.scale",15,NA,NA,4,NA,NA,NA,NA,NA
NA,"DARWIN_DEEPSEEK_LTM","Q4.Likert.scale",15,NA,NA,4,NA,NA,NA,NA,NA
NA,"DARWIN_DEEPSEEK_LTM","Q4.Likert.scale",15,NA,NA,5,NA,NA,NA,NA,NA
NA,"DARWIN_DEEPSEEK_LTM","Q4.Likert.scale",15,NA,NA,5,NA,NA,NA,NA,NA
NA,"DARWIN_DEEPSEEK_LTM","Q4.Likert.scale",15,NA,NA,5,NA,NA,NA,NA,NA
NA,"DARWIN_DEEPSEEK_LTM","Q4.Likert.scale",15,NA,NA,NA,NA,NA,NA,NA,NA
NA,"DARWIN_DEEPSEEK_LTM","Q4.Likert.scale",15,NA,NA,4,NA,NA,NA,NA,NA
NA,"DARWIN_DEEPSEEK_LTM","Q4.Likert.scale",15,NA,NA,5,NA,NA,NA,NA,NA
NA,"DARWIN_DEEPSEEK_LTM","Q5.Likert.scale",19,NA,NA,NA,5,NA,NA,NA,NA
NA,"DARWIN_DEEPSEEK_LTM","Q5.Likert.scale",19,NA,NA,NA,4,NA,NA,NA,NA
NA,"DARWIN_DEEPSEEK_LTM","Q5.Likert.scale",19,NA,NA,NA,4,NA,NA,NA,NA
NA,"DARWIN_DEEPSEEK_LTM","Q5.Likert.scale",19,NA,NA,NA,4,NA,NA,NA,NA
NA,"DARWIN_DEEPSEEK_LTM","Q5.Likert.scale",19,NA,NA,NA,4,NA,NA,NA,NA
NA,"DARWIN_DEEPSEEK_LTM","Q5.Likert.scale",19,NA,NA,NA,5,NA,NA,NA,NA
NA,"DARWIN_DEEPSEEK_LTM","Q5.Likert.scale",19,NA,NA,NA,5,NA,NA,NA,NA
NA,"DARWIN_DEEPSEEK_LTM","Q5.Likert.scale",19,NA,NA,NA,5,NA,NA,NA,NA
NA,"DARWIN_DEEPSEEK_LTM","Q5.Likert.scale",19,NA,NA,NA,5,NA,NA,NA,NA
NA,"DARWIN_DEEPSEEK_LTM","Q5.Likert.scale",19,NA,NA,NA,4,NA,NA,NA,NA
NA,"DARWIN_DEEPSEEK_LTM","Q5.Likert.scale",19,NA,NA,NA,5,NA,NA,NA,NA
NA,"DARWIN_DEEPSEEK_LTM","Q5.Likert.scale",19,NA,NA,NA,NA,NA,NA,NA,NA
NA,"DARWIN_DEEPSEEK_LTM","Q5.Likert.scale",19,NA,NA,NA,5,NA,NA,NA,NA
NA,"DARWIN_DEEPSEEK_LTM","Q5.Likert.scale",19,NA,NA,NA,NA,NA,NA,NA,NA
NA,"DARWIN_DEEPSEEK_LTM","Q5.Likert.scale",19,NA,NA,NA,4,NA,NA,NA,NA
NA,"DARWIN_DEEPSEEK_LTM","Q5.Likert.scale",19,NA,NA,NA,NA,NA,NA,NA,NA
NA,"DARWIN_DEEPSEEK_LTM","Q6.Likert.scale",23,NA,NA,NA,NA,5,NA,NA,NA
NA,"DARWIN_DEEPSEEK_LTM","Q6.Likert.scale",23,NA,NA,NA,NA,NA,NA,NA,NA
NA,"DARWIN_DEEPSEEK_LTM","Q6.Likert.scale",23,NA,NA,NA,NA,2,NA,NA,NA
NA,"DARWIN_DEEPSEEK_LTM","Q6.Likert.scale",23,NA,NA,NA,NA,1,NA,NA,NA
NA,"DARWIN_DEEPSEEK_LTM","Q6.Likert.scale",23,NA,NA,NA,NA,2,NA,NA,NA
NA,"DARWIN_DEEPSEEK_LTM","Q6.Likert.scale",23,NA,NA,NA,NA,1,NA,NA,NA
NA,"DARWIN_DEEPSEEK_LTM","Q6.Likert.scale",23,NA,NA,NA,NA,NA,NA,NA,NA
NA,"DARWIN_DEEPSEEK_LTM","Q6.Likert.scale",23,NA,NA,NA,NA,NA,NA,NA,NA
NA,"DARWIN_DEEPSEEK_LTM","Q6.Likert.scale",23,NA,NA,NA,NA,4,NA,NA,NA
NA,"DARWIN_DEEPSEEK_LTM","Q6.Likert.scale",23,NA,NA,NA,NA,NA,NA,NA,NA
NA,"DARWIN_DEEPSEEK_LTM","Q6.Likert.scale",23,NA,NA,NA,NA,NA,NA,NA,NA
NA,"DARWIN_DEEPSEEK_LTM","Q6.Likert.scale",23,NA,NA,NA,NA,2,NA,NA,NA
NA,"DARWIN_DEEPSEEK_LTM","Q6.Likert.scale",23,NA,NA,NA,NA,NA,NA,NA,NA
NA,"DARWIN_DEEPSEEK_LTM","Q6.Likert.scale",23,NA,NA,NA,NA,1,NA,NA,NA
NA,"DARWIN_DEEPSEEK_LTM","Q6.Likert.scale",23,NA,NA,NA,NA,2,NA,NA,NA
NA,"DARWIN_DEEPSEEK_LTM","Q6.Likert.scale",23,NA,NA,NA,NA,2,NA,NA,NA
NA,"DARWIN_DEEPSEEK_LTM","Q7.Likert.scale",27,NA,NA,NA,NA,NA,4,NA,NA
NA,"DARWIN_DEEPSEEK_LTM","Q7.Likert.scale",27,NA,NA,NA,NA,NA,2,NA,NA
NA,"DARWIN_DEEPSEEK_LTM","Q7.Likert.scale",27,NA,NA,NA,NA,NA,1,NA,NA
NA,"DARWIN_DEEPSEEK_LTM","Q7.Likert.scale",27,NA,NA,NA,NA,NA,2,NA,NA
NA,"DARWIN_DEEPSEEK_LTM","Q7.Likert.scale",27,NA,NA,NA,NA,NA,2,NA,NA
NA,"DARWIN_DEEPSEEK_LTM","Q7.Likert.scale",27,NA,NA,NA,NA,NA,2,NA,NA
NA,"DARWIN_DEEPSEEK_LTM","Q7.Likert.scale",27,NA,NA,NA,NA,NA,3,NA,NA
NA,"DARWIN_DEEPSEEK_LTM","Q7.Likert.scale",27,NA,NA,NA,NA,NA,2,NA,NA
NA,"DARWIN_DEEPSEEK_LTM","Q7.Likert.scale",27,NA,NA,NA,NA,NA,1,NA,NA
NA,"DARWIN_DEEPSEEK_LTM","Q7.Likert.scale",27,NA,NA,NA,NA,NA,2,NA,NA
NA,"DARWIN_DEEPSEEK_LTM","Q7.Likert.scale",27,NA,NA,NA,NA,NA,1,NA,NA
NA,"DARWIN_DEEPSEEK_LTM","Q7.Likert.scale",27,NA,NA,NA,NA,NA,1,NA,NA
NA,"DARWIN_DEEPSEEK_LTM","Q7.Likert.scale",27,NA,NA,NA,NA,NA,2,NA,NA
NA,"DARWIN_DEEPSEEK_LTM","Q7.Likert.scale",27,NA,NA,NA,NA,NA,4,NA,NA
NA,"DARWIN_DEEPSEEK_LTM","Q7.Likert.scale",27,NA,NA,NA,NA,NA,3,NA,NA
NA,"DARWIN_DEEPSEEK_LTM","Q7.Likert.scale",27,NA,NA,NA,NA,NA,4,NA,NA
NA,"DARWIN_DEEPSEEK_LTM","Q8.Likert.scale",31,NA,NA,NA,NA,NA,NA,3,NA
NA,"DARWIN_DEEPSEEK_LTM","Q8.Likert.scale",31,NA,NA,NA,NA,NA,NA,3,NA
NA,"DARWIN_DEEPSEEK_LTM","Q8.Likert.scale",31,NA,NA,NA,NA,NA,NA,2,NA
NA,"DARWIN_DEEPSEEK_LTM","Q8.Likert.scale",31,NA,NA,NA,NA,NA,NA,3,NA
NA,"DARWIN_DEEPSEEK_LTM","Q8.Likert.scale",31,NA,NA,NA,NA,NA,NA,2,NA
NA,"DARWIN_DEEPSEEK_LTM","Q8.Likert.scale",31,NA,NA,NA,NA,NA,NA,2,NA
NA,"DARWIN_DEEPSEEK_LTM","Q8.Likert.scale",31,NA,NA,NA,NA,NA,NA,2,NA
NA,"DARWIN_DEEPSEEK_LTM","Q8.Likert.scale",31,NA,NA,NA,NA,NA,NA,2,NA
NA,"DARWIN_DEEPSEEK_LTM","Q8.Likert.scale",31,NA,NA,NA,NA,NA,NA,3,NA
NA,"DARWIN_DEEPSEEK_LTM","Q8.Likert.scale",31,NA,NA,NA,NA,NA,NA,4,NA
NA,"DARWIN_DEEPSEEK_LTM","Q8.Likert.scale",31,NA,NA,NA,NA,NA,NA,5,NA
NA,"DARWIN_DEEPSEEK_LTM","Q8.Likert.scale",31,NA,NA,NA,NA,NA,NA,4,NA
NA,"DARWIN_DEEPSEEK_LTM","Q8.Likert.scale",31,NA,NA,NA,NA,NA,NA,3,NA
NA,"DARWIN_DEEPSEEK_LTM","Q8.Likert.scale",31,NA,NA,NA,NA,NA,NA,4,NA
NA,"DARWIN_DEEPSEEK_LTM","Q8.Likert.scale",31,NA,NA,NA,NA,NA,NA,4,NA
NA,"DARWIN_DEEPSEEK_LTM","Q8.Likert.scale",31,NA,NA,NA,NA,NA,NA,2,NA
NA,"DARWIN_DEEPSEEK_LTM","Q9.Likert.scale",35,NA,NA,NA,NA,NA,NA,NA,2
NA,"DARWIN_DEEPSEEK_LTM","Q9.Likert.scale",35,NA,NA,NA,NA,NA,NA,NA,1
NA,"DARWIN_DEEPSEEK_LTM","Q9.Likert.scale",35,NA,NA,NA,NA,NA,NA,NA,2
NA,"DARWIN_DEEPSEEK_LTM","Q9.Likert.scale",35,NA,NA,NA,NA,NA,NA,NA,4
NA,"DARWIN_DEEPSEEK_LTM","Q9.Likert.scale",35,NA,NA,NA,NA,NA,NA,NA,4
NA,"DARWIN_DEEPSEEK_LTM","Q9.Likert.scale",35,NA,NA,NA,NA,NA,NA,NA,3
NA,"DARWIN_DEEPSEEK_LTM","Q9.Likert.scale",35,NA,NA,NA,NA,NA,NA,NA,2
NA,"DARWIN_DEEPSEEK_LTM","Q9.Likert.scale",35,NA,NA,NA,NA,NA,NA,NA,2
NA,"DARWIN_DEEPSEEK_LTM","Q9.Likert.scale",35,NA,NA,NA,NA,NA,NA,NA,1
NA,"DARWIN_DEEPSEEK_LTM","Q9.Likert.scale",35,NA,NA,NA,NA,NA,NA,NA,1
NA,"DARWIN_DEEPSEEK_LTM","Q9.Likert.scale",35,NA,NA,NA,NA,NA,NA,NA,3
NA,"DARWIN_DEEPSEEK_LTM","Q9.Likert.scale",35,NA,NA,NA,NA,NA,NA,NA,NA
NA,"DARWIN_DEEPSEEK_LTM","Q9.Likert.scale",35,NA,NA,NA,NA,NA,NA,NA,2
NA,"DARWIN_DEEPSEEK_LTM","Q9.Likert.scale",35,NA,NA,NA,NA,NA,NA,NA,3
NA,"DARWIN_DEEPSEEK_LTM","Q9.Likert.scale",35,NA,NA,NA,NA,NA,NA,NA,2
NA,"DARWIN_DEEPSEEK_LTM","Q9.Likert.scale",35,NA,NA,NA,NA,NA,NA,NA,2
5,"DARWIN_GPT_ACT","Q1.Likert.scale",3,NA,NA,NA,NA,NA,NA,NA,NA
5,"DARWIN_GPT_ACT","Q1.Likert.scale",3,NA,NA,NA,NA,NA,NA,NA,NA
5,"DARWIN_GPT_ACT","Q1.Likert.scale",3,NA,NA,NA,NA,NA,NA,NA,NA
5,"DARWIN_GPT_ACT","Q1.Likert.scale",3,NA,NA,NA,NA,NA,NA,NA,NA
5,"DARWIN_GPT_ACT","Q1.Likert.scale",3,NA,NA,NA,NA,NA,NA,NA,NA
5,"DARWIN_GPT_ACT","Q1.Likert.scale",3,NA,NA,NA,NA,NA,NA,NA,NA
5,"DARWIN_GPT_ACT","Q1.Likert.scale",3,NA,NA,NA,NA,NA,NA,NA,NA
5,"DARWIN_GPT_ACT","Q1.Likert.scale",3,NA,NA,NA,NA,NA,NA,NA,NA
5,"DARWIN_GPT_ACT","Q1.Likert.scale",3,NA,NA,NA,NA,NA,NA,NA,NA
5,"DARWIN_GPT_ACT","Q1.Likert.scale",3,NA,NA,NA,NA,NA,NA,NA,NA
5,"DARWIN_GPT_ACT","Q1.Likert.scale",3,NA,NA,NA,NA,NA,NA,NA,NA
4,"DARWIN_GPT_ACT","Q1.Likert.scale",3,NA,NA,NA,NA,NA,NA,NA,NA
5,"DARWIN_GPT_ACT","Q1.Likert.scale",3,NA,NA,NA,NA,NA,NA,NA,NA
5,"DARWIN_GPT_ACT","Q1.Likert.scale",3,NA,NA,NA,NA,NA,NA,NA,NA
5,"DARWIN_GPT_ACT","Q1.Likert.scale",3,NA,NA,NA,NA,NA,NA,NA,NA
5,"DARWIN_GPT_ACT","Q1.Likert.scale",3,NA,NA,NA,NA,NA,NA,NA,NA
NA,"DARWIN_GPT_ACT","Q2.Likert.scale",7,5,NA,NA,NA,NA,NA,NA,NA
NA,"DARWIN_GPT_ACT","Q2.Likert.scale",7,5,NA,NA,NA,NA,NA,NA,NA
NA,"DARWIN_GPT_ACT","Q2.Likert.scale",7,5,NA,NA,NA,NA,NA,NA,NA
NA,"DARWIN_GPT_ACT","Q2.Likert.scale",7,5,NA,NA,NA,NA,NA,NA,NA
NA,"DARWIN_GPT_ACT","Q2.Likert.scale",7,4,NA,NA,NA,NA,NA,NA,NA
NA,"DARWIN_GPT_ACT","Q2.Likert.scale",7,4,NA,NA,NA,NA,NA,NA,NA
NA,"DARWIN_GPT_ACT","Q2.Likert.scale",7,4,NA,NA,NA,NA,NA,NA,NA
NA,"DARWIN_GPT_ACT","Q2.Likert.scale",7,5,NA,NA,NA,NA,NA,NA,NA
NA,"DARWIN_GPT_ACT","Q2.Likert.scale",7,4,NA,NA,NA,NA,NA,NA,NA
NA,"DARWIN_GPT_ACT","Q2.Likert.scale",7,4,NA,NA,NA,NA,NA,NA,NA
NA,"DARWIN_GPT_ACT","Q2.Likert.scale",7,4,NA,NA,NA,NA,NA,NA,NA
NA,"DARWIN_GPT_ACT","Q2.Likert.scale",7,5,NA,NA,NA,NA,NA,NA,NA
NA,"DARWIN_GPT_ACT","Q2.Likert.scale",7,4,NA,NA,NA,NA,NA,NA,NA
NA,"DARWIN_GPT_ACT","Q2.Likert.scale",7,4,NA,NA,NA,NA,NA,NA,NA
NA,"DARWIN_GPT_ACT","Q2.Likert.scale",7,3,NA,NA,NA,NA,NA,NA,NA
NA,"DARWIN_GPT_ACT","Q2.Likert.scale",7,4,NA,NA,NA,NA,NA,NA,NA
NA,"DARWIN_GPT_ACT","Q3.Likert.scale",11,NA,4,NA,NA,NA,NA,NA,NA
NA,"DARWIN_GPT_ACT","Q3.Likert.scale",11,NA,5,NA,NA,NA,NA,NA,NA
NA,"DARWIN_GPT_ACT","Q3.Likert.scale",11,NA,4,NA,NA,NA,NA,NA,NA
NA,"DARWIN_GPT_ACT","Q3.Likert.scale",11,NA,4,NA,NA,NA,NA,NA,NA
NA,"DARWIN_GPT_ACT","Q3.Likert.scale",11,NA,5,NA,NA,NA,NA,NA,NA
NA,"DARWIN_GPT_ACT","Q3.Likert.scale",11,NA,5,NA,NA,NA,NA,NA,NA
NA,"DARWIN_GPT_ACT","Q3.Likert.scale",11,NA,NA,NA,NA,NA,NA,NA,NA
NA,"DARWIN_GPT_ACT","Q3.Likert.scale",11,NA,NA,NA,NA,NA,NA,NA,NA
NA,"DARWIN_GPT_ACT","Q3.Likert.scale",11,NA,4,NA,NA,NA,NA,NA,NA
NA,"DARWIN_GPT_ACT","Q3.Likert.scale",11,NA,5,NA,NA,NA,NA,NA,NA
NA,"DARWIN_GPT_ACT","Q3.Likert.scale",11,NA,4,NA,NA,NA,NA,NA,NA
NA,"DARWIN_GPT_ACT","Q3.Likert.scale",11,NA,5,NA,NA,NA,NA,NA,NA
NA,"DARWIN_GPT_ACT","Q3.Likert.scale",11,NA,4,NA,NA,NA,NA,NA,NA
NA,"DARWIN_GPT_ACT","Q3.Likert.scale",11,NA,4,NA,NA,NA,NA,NA,NA
NA,"DARWIN_GPT_ACT","Q3.Likert.scale",11,NA,4,NA,NA,NA,NA,NA,NA
NA,"DARWIN_GPT_ACT","Q3.Likert.scale",11,NA,5,NA,NA,NA,NA,NA,NA
NA,"DARWIN_GPT_ACT","Q4.Likert.scale",15,NA,NA,3,NA,NA,NA,NA,NA
NA,"DARWIN_GPT_ACT","Q4.Likert.scale",15,NA,NA,3,NA,NA,NA,NA,NA
NA,"DARWIN_GPT_ACT","Q4.Likert.scale",15,NA,NA,3,NA,NA,NA,NA,NA
NA,"DARWIN_GPT_ACT","Q4.Likert.scale",15,NA,NA,3,NA,NA,NA,NA,NA
NA,"DARWIN_GPT_ACT","Q4.Likert.scale",15,NA,NA,4,NA,NA,NA,NA,NA
NA,"DARWIN_GPT_ACT","Q4.Likert.scale",15,NA,NA,4,NA,NA,NA,NA,NA
NA,"DARWIN_GPT_ACT","Q4.Likert.scale",15,NA,NA,5,NA,NA,NA,NA,NA
NA,"DARWIN_GPT_ACT","Q4.Likert.scale",15,NA,NA,NA,NA,NA,NA,NA,NA
NA,"DARWIN_GPT_ACT","Q4.Likert.scale",15,NA,NA,3,NA,NA,NA,NA,NA
NA,"DARWIN_GPT_ACT","Q4.Likert.scale",15,NA,NA,3,NA,NA,NA,NA,NA
NA,"DARWIN_GPT_ACT","Q4.Likert.scale",15,NA,NA,4,NA,NA,NA,NA,NA
NA,"DARWIN_GPT_ACT","Q4.Likert.scale",15,NA,NA,4,NA,NA,NA,NA,NA
NA,"DARWIN_GPT_ACT","Q4.Likert.scale",15,NA,NA,4,NA,NA,NA,NA,NA
NA,"DARWIN_GPT_ACT","Q4.Likert.scale",15,NA,NA,NA,NA,NA,NA,NA,NA
NA,"DARWIN_GPT_ACT","Q4.Likert.scale",15,NA,NA,4,NA,NA,NA,NA,NA
NA,"DARWIN_GPT_ACT","Q4.Likert.scale",15,NA,NA,4,NA,NA,NA,NA,NA
NA,"DARWIN_GPT_ACT","Q5.Likert.scale",19,NA,NA,NA,5,NA,NA,NA,NA
NA,"DARWIN_GPT_ACT","Q5.Likert.scale",19,NA,NA,NA,5,NA,NA,NA,NA
NA,"DARWIN_GPT_ACT","Q5.Likert.scale",19,NA,NA,NA,4,NA,NA,NA,NA
NA,"DARWIN_GPT_ACT","Q5.Likert.scale",19,NA,NA,NA,4,NA,NA,NA,NA
NA,"DARWIN_GPT_ACT","Q5.Likert.scale",19,NA,NA,NA,4,NA,NA,NA,NA
NA,"DARWIN_GPT_ACT","Q5.Likert.scale",19,NA,NA,NA,4,NA,NA,NA,NA
NA,"DARWIN_GPT_ACT","Q5.Likert.scale",19,NA,NA,NA,4,NA,NA,NA,NA
NA,"DARWIN_GPT_ACT","Q5.Likert.scale",19,NA,NA,NA,4,NA,NA,NA,NA
NA,"DARWIN_GPT_ACT","Q5.Likert.scale",19,NA,NA,NA,4,NA,NA,NA,NA
NA,"DARWIN_GPT_ACT","Q5.Likert.scale",19,NA,NA,NA,4,NA,NA,NA,NA
NA,"DARWIN_GPT_ACT","Q5.Likert.scale",19,NA,NA,NA,5,NA,NA,NA,NA
NA,"DARWIN_GPT_ACT","Q5.Likert.scale",19,NA,NA,NA,NA,NA,NA,NA,NA
NA,"DARWIN_GPT_ACT","Q5.Likert.scale",19,NA,NA,NA,2,NA,NA,NA,NA
NA,"DARWIN_GPT_ACT","Q5.Likert.scale",19,NA,NA,NA,NA,NA,NA,NA,NA
NA,"DARWIN_GPT_ACT","Q5.Likert.scale",19,NA,NA,NA,5,NA,NA,NA,NA
NA,"DARWIN_GPT_ACT","Q5.Likert.scale",19,NA,NA,NA,NA,NA,NA,NA,NA
NA,"DARWIN_GPT_ACT","Q6.Likert.scale",23,NA,NA,NA,NA,3,NA,NA,NA
NA,"DARWIN_GPT_ACT","Q6.Likert.scale",23,NA,NA,NA,NA,NA,NA,NA,NA
NA,"DARWIN_GPT_ACT","Q6.Likert.scale",23,NA,NA,NA,NA,2,NA,NA,NA
NA,"DARWIN_GPT_ACT","Q6.Likert.scale",23,NA,NA,NA,NA,2,NA,NA,NA
NA,"DARWIN_GPT_ACT","Q6.Likert.scale",23,NA,NA,NA,NA,2,NA,NA,NA
NA,"DARWIN_GPT_ACT","Q6.Likert.scale",23,NA,NA,NA,NA,3,NA,NA,NA
NA,"DARWIN_GPT_ACT","Q6.Likert.scale",23,NA,NA,NA,NA,NA,NA,NA,NA
NA,"DARWIN_GPT_ACT","Q6.Likert.scale",23,NA,NA,NA,NA,NA,NA,NA,NA
NA,"DARWIN_GPT_ACT","Q6.Likert.scale",23,NA,NA,NA,NA,2,NA,NA,NA
NA,"DARWIN_GPT_ACT","Q6.Likert.scale",23,NA,NA,NA,NA,NA,NA,NA,NA
NA,"DARWIN_GPT_ACT","Q6.Likert.scale",23,NA,NA,NA,NA,NA,NA,NA,NA
NA,"DARWIN_GPT_ACT","Q6.Likert.scale",23,NA,NA,NA,NA,2,NA,NA,NA
NA,"DARWIN_GPT_ACT","Q6.Likert.scale",23,NA,NA,NA,NA,NA,NA,NA,NA
NA,"DARWIN_GPT_ACT","Q6.Likert.scale",23,NA,NA,NA,NA,3,NA,NA,NA
NA,"DARWIN_GPT_ACT","Q6.Likert.scale",23,NA,NA,NA,NA,2,NA,NA,NA
NA,"DARWIN_GPT_ACT","Q6.Likert.scale",23,NA,NA,NA,NA,3,NA,NA,NA
NA,"DARWIN_GPT_ACT","Q7.Likert.scale",27,NA,NA,NA,NA,NA,3,NA,NA
NA,"DARWIN_GPT_ACT","Q7.Likert.scale",27,NA,NA,NA,NA,NA,2,NA,NA
NA,"DARWIN_GPT_ACT","Q7.Likert.scale",27,NA,NA,NA,NA,NA,2,NA,NA
NA,"DARWIN_GPT_ACT","Q7.Likert.scale",27,NA,NA,NA,NA,NA,4,NA,NA
NA,"DARWIN_GPT_ACT","Q7.Likert.scale",27,NA,NA,NA,NA,NA,3,NA,NA
NA,"DARWIN_GPT_ACT","Q7.Likert.scale",27,NA,NA,NA,NA,NA,3,NA,NA
NA,"DARWIN_GPT_ACT","Q7.Likert.scale",27,NA,NA,NA,NA,NA,2,NA,NA
NA,"DARWIN_GPT_ACT","Q7.Likert.scale",27,NA,NA,NA,NA,NA,2,NA,NA
NA,"DARWIN_GPT_ACT","Q7.Likert.scale",27,NA,NA,NA,NA,NA,2,NA,NA
NA,"DARWIN_GPT_ACT","Q7.Likert.scale",27,NA,NA,NA,NA,NA,2,NA,NA
NA,"DARWIN_GPT_ACT","Q7.Likert.scale",27,NA,NA,NA,NA,NA,2,NA,NA
NA,"DARWIN_GPT_ACT","Q7.Likert.scale",27,NA,NA,NA,NA,NA,2,NA,NA
NA,"DARWIN_GPT_ACT","Q7.Likert.scale",27,NA,NA,NA,NA,NA,2,NA,NA
NA,"DARWIN_GPT_ACT","Q7.Likert.scale",27,NA,NA,NA,NA,NA,3,NA,NA
NA,"DARWIN_GPT_ACT","Q7.Likert.scale",27,NA,NA,NA,NA,NA,3,NA,NA
NA,"DARWIN_GPT_ACT","Q7.Likert.scale",27,NA,NA,NA,NA,NA,3,NA,NA
NA,"DARWIN_GPT_ACT","Q8.Likert.scale",31,NA,NA,NA,NA,NA,NA,5,NA
NA,"DARWIN_GPT_ACT","Q8.Likert.scale",31,NA,NA,NA,NA,NA,NA,4,NA
NA,"DARWIN_GPT_ACT","Q8.Likert.scale",31,NA,NA,NA,NA,NA,NA,4,NA
NA,"DARWIN_GPT_ACT","Q8.Likert.scale",31,NA,NA,NA,NA,NA,NA,4,NA
NA,"DARWIN_GPT_ACT","Q8.Likert.scale",31,NA,NA,NA,NA,NA,NA,4,NA
NA,"DARWIN_GPT_ACT","Q8.Likert.scale",31,NA,NA,NA,NA,NA,NA,5,NA
NA,"DARWIN_GPT_ACT","Q8.Likert.scale",31,NA,NA,NA,NA,NA,NA,5,NA
NA,"DARWIN_GPT_ACT","Q8.Likert.scale",31,NA,NA,NA,NA,NA,NA,4,NA
NA,"DARWIN_GPT_ACT","Q8.Likert.scale",31,NA,NA,NA,NA,NA,NA,3,NA
NA,"DARWIN_GPT_ACT","Q8.Likert.scale",31,NA,NA,NA,NA,NA,NA,4,NA
NA,"DARWIN_GPT_ACT","Q8.Likert.scale",31,NA,NA,NA,NA,NA,NA,5,NA
NA,"DARWIN_GPT_ACT","Q8.Likert.scale",31,NA,NA,NA,NA,NA,NA,5,NA
NA,"DARWIN_GPT_ACT","Q8.Likert.scale",31,NA,NA,NA,NA,NA,NA,4,NA
NA,"DARWIN_GPT_ACT","Q8.Likert.scale",31,NA,NA,NA,NA,NA,NA,4,NA
NA,"DARWIN_GPT_ACT","Q8.Likert.scale",31,NA,NA,NA,NA,NA,NA,4,NA
NA,"DARWIN_GPT_ACT","Q8.Likert.scale",31,NA,NA,NA,NA,NA,NA,3,NA
NA,"DARWIN_GPT_ACT","Q9.Likert.scale",35,NA,NA,NA,NA,NA,NA,NA,5
NA,"DARWIN_GPT_ACT","Q9.Likert.scale",35,NA,NA,NA,NA,NA,NA,NA,5
NA,"DARWIN_GPT_ACT","Q9.Likert.scale",35,NA,NA,NA,NA,NA,NA,NA,5
NA,"DARWIN_GPT_ACT","Q9.Likert.scale",35,NA,NA,NA,NA,NA,NA,NA,5
NA,"DARWIN_GPT_ACT","Q9.Likert.scale",35,NA,NA,NA,NA,NA,NA,NA,5
NA,"DARWIN_GPT_ACT","Q9.Likert.scale",35,NA,NA,NA,NA,NA,NA,NA,4
NA,"DARWIN_GPT_ACT","Q9.Likert.scale",35,NA,NA,NA,NA,NA,NA,NA,4
NA,"DARWIN_GPT_ACT","Q9.Likert.scale",35,NA,NA,NA,NA,NA,NA,NA,4
NA,"DARWIN_GPT_ACT","Q9.Likert.scale",35,NA,NA,NA,NA,NA,NA,NA,3
NA,"DARWIN_GPT_ACT","Q9.Likert.scale",35,NA,NA,NA,NA,NA,NA,NA,4
NA,"DARWIN_GPT_ACT","Q9.Likert.scale",35,NA,NA,NA,NA,NA,NA,NA,4
NA,"DARWIN_GPT_ACT","Q9.Likert.scale",35,NA,NA,NA,NA,NA,NA,NA,NA
NA,"DARWIN_GPT_ACT","Q9.Likert.scale",35,NA,NA,NA,NA,NA,NA,NA,3
NA,"DARWIN_GPT_ACT","Q9.Likert.scale",35,NA,NA,NA,NA,NA,NA,NA,4
NA,"DARWIN_GPT_ACT","Q9.Likert.scale",35,NA,NA,NA,NA,NA,NA,NA,4
NA,"DARWIN_GPT_ACT","Q9.Likert.scale",35,NA,NA,NA,NA,NA,NA,NA,4
3,"DARWIN_GPT_LTM","Q1.Likert.scale",3,NA,NA,NA,NA,NA,NA,NA,NA
4,"DARWIN_GPT_LTM","Q1.Likert.scale",3,NA,NA,NA,NA,NA,NA,NA,NA
5,"DARWIN_GPT_LTM","Q1.Likert.scale",3,NA,NA,NA,NA,NA,NA,NA,NA
5,"DARWIN_GPT_LTM","Q1.Likert.scale",3,NA,NA,NA,NA,NA,NA,NA,NA
5,"DARWIN_GPT_LTM","Q1.Likert.scale",3,NA,NA,NA,NA,NA,NA,NA,NA
5,"DARWIN_GPT_LTM","Q1.Likert.scale",3,NA,NA,NA,NA,NA,NA,NA,NA
5,"DARWIN_GPT_LTM","Q1.Likert.scale",3,NA,NA,NA,NA,NA,NA,NA,NA
3,"DARWIN_GPT_LTM","Q1.Likert.scale",3,NA,NA,NA,NA,NA,NA,NA,NA
5,"DARWIN_GPT_LTM","Q1.Likert.scale",3,NA,NA,NA,NA,NA,NA,NA,NA
5,"DARWIN_GPT_LTM","Q1.Likert.scale",3,NA,NA,NA,NA,NA,NA,NA,NA
5,"DARWIN_GPT_LTM","Q1.Likert.scale",3,NA,NA,NA,NA,NA,NA,NA,NA
3,"DARWIN_GPT_LTM","Q1.Likert.scale",3,NA,NA,NA,NA,NA,NA,NA,NA
5,"DARWIN_GPT_LTM","Q1.Likert.scale",3,NA,NA,NA,NA,NA,NA,NA,NA
5,"DARWIN_GPT_LTM","Q1.Likert.scale",3,NA,NA,NA,NA,NA,NA,NA,NA
5,"DARWIN_GPT_LTM","Q1.Likert.scale",3,NA,NA,NA,NA,NA,NA,NA,NA
5,"DARWIN_GPT_LTM","Q1.Likert.scale",3,NA,NA,NA,NA,NA,NA,NA,NA
NA,"DARWIN_GPT_LTM","Q2.Likert.scale",7,4,NA,NA,NA,NA,NA,NA,NA
NA,"DARWIN_GPT_LTM","Q2.Likert.scale",7,4,NA,NA,NA,NA,NA,NA,NA
NA,"DARWIN_GPT_LTM","Q2.Likert.scale",7,3,NA,NA,NA,NA,NA,NA,NA
NA,"DARWIN_GPT_LTM","Q2.Likert.scale",7,3,NA,NA,NA,NA,NA,NA,NA
NA,"DARWIN_GPT_LTM","Q2.Likert.scale",7,3,NA,NA,NA,NA,NA,NA,NA
NA,"DARWIN_GPT_LTM","Q2.Likert.scale",7,2,NA,NA,NA,NA,NA,NA,NA
NA,"DARWIN_GPT_LTM","Q2.Likert.scale",7,4,NA,NA,NA,NA,NA,NA,NA
NA,"DARWIN_GPT_LTM","Q2.Likert.scale",7,3,NA,NA,NA,NA,NA,NA,NA
NA,"DARWIN_GPT_LTM","Q2.Likert.scale",7,3,NA,NA,NA,NA,NA,NA,NA
NA,"DARWIN_GPT_LTM","Q2.Likert.scale",7,5,NA,NA,NA,NA,NA,NA,NA
NA,"DARWIN_GPT_LTM","Q2.Likert.scale",7,4,NA,NA,NA,NA,NA,NA,NA
NA,"DARWIN_GPT_LTM","Q2.Likert.scale",7,3,NA,NA,NA,NA,NA,NA,NA
NA,"DARWIN_GPT_LTM","Q2.Likert.scale",7,3,NA,NA,NA,NA,NA,NA,NA
NA,"DARWIN_GPT_LTM","Q2.Likert.scale",7,4,NA,NA,NA,NA,NA,NA,NA
NA,"DARWIN_GPT_LTM","Q2.Likert.scale",7,2,NA,NA,NA,NA,NA,NA,NA
NA,"DARWIN_GPT_LTM","Q2.Likert.scale",7,5,NA,NA,NA,NA,NA,NA,NA
NA,"DARWIN_GPT_LTM","Q3.Likert.scale",11,NA,2,NA,NA,NA,NA,NA,NA
NA,"DARWIN_GPT_LTM","Q3.Likert.scale",11,NA,3,NA,NA,NA,NA,NA,NA
NA,"DARWIN_GPT_LTM","Q3.Likert.scale",11,NA,3,NA,NA,NA,NA,NA,NA
NA,"DARWIN_GPT_LTM","Q3.Likert.scale",11,NA,2,NA,NA,NA,NA,NA,NA
NA,"DARWIN_GPT_LTM","Q3.Likert.scale",11,NA,3,NA,NA,NA,NA,NA,NA
NA,"DARWIN_GPT_LTM","Q3.Likert.scale",11,NA,4,NA,NA,NA,NA,NA,NA
NA,"DARWIN_GPT_LTM","Q3.Likert.scale",11,NA,5,NA,NA,NA,NA,NA,NA
NA,"DARWIN_GPT_LTM","Q3.Likert.scale",11,NA,NA,NA,NA,NA,NA,NA,NA
NA,"DARWIN_GPT_LTM","Q3.Likert.scale",11,NA,3,NA,NA,NA,NA,NA,NA
NA,"DARWIN_GPT_LTM","Q3.Likert.scale",11,NA,5,NA,NA,NA,NA,NA,NA
NA,"DARWIN_GPT_LTM","Q3.Likert.scale",11,NA,3,NA,NA,NA,NA,NA,NA
NA,"DARWIN_GPT_LTM","Q3.Likert.scale",11,NA,4,NA,NA,NA,NA,NA,NA
NA,"DARWIN_GPT_LTM","Q3.Likert.scale",11,NA,2,NA,NA,NA,NA,NA,NA
NA,"DARWIN_GPT_LTM","Q3.Likert.scale",11,NA,3,NA,NA,NA,NA,NA,NA
NA,"DARWIN_GPT_LTM","Q3.Likert.scale",11,NA,1,NA,NA,NA,NA,NA,NA
NA,"DARWIN_GPT_LTM","Q3.Likert.scale",11,NA,2,NA,NA,NA,NA,NA,NA
NA,"DARWIN_GPT_LTM","Q4.Likert.scale",15,NA,NA,3,NA,NA,NA,NA,NA
NA,"DARWIN_GPT_LTM","Q4.Likert.scale",15,NA,NA,4,NA,NA,NA,NA,NA
NA,"DARWIN_GPT_LTM","Q4.Likert.scale",15,NA,NA,3,NA,NA,NA,NA,NA
NA,"DARWIN_GPT_LTM","Q4.Likert.scale",15,NA,NA,2,NA,NA,NA,NA,NA
NA,"DARWIN_GPT_LTM","Q4.Likert.scale",15,NA,NA,2,NA,NA,NA,NA,NA
NA,"DARWIN_GPT_LTM","Q4.Likert.scale",15,NA,NA,2,NA,NA,NA,NA,NA
NA,"DARWIN_GPT_LTM","Q4.Likert.scale",15,NA,NA,5,NA,NA,NA,NA,NA
NA,"DARWIN_GPT_LTM","Q4.Likert.scale",15,NA,NA,NA,NA,NA,NA,NA,NA
NA,"DARWIN_GPT_LTM","Q4.Likert.scale",15,NA,NA,3,NA,NA,NA,NA,NA
NA,"DARWIN_GPT_LTM","Q4.Likert.scale",15,NA,NA,5,NA,NA,NA,NA,NA
NA,"DARWIN_GPT_LTM","Q4.Likert.scale",15,NA,NA,4,NA,NA,NA,NA,NA
NA,"DARWIN_GPT_LTM","Q4.Likert.scale",15,NA,NA,3,NA,NA,NA,NA,NA
NA,"DARWIN_GPT_LTM","Q4.Likert.scale",15,NA,NA,2,NA,NA,NA,NA,NA
NA,"DARWIN_GPT_LTM","Q4.Likert.scale",15,NA,NA,5,NA,NA,NA,NA,NA
NA,"DARWIN_GPT_LTM","Q4.Likert.scale",15,NA,NA,2,NA,NA,NA,NA,NA
NA,"DARWIN_GPT_LTM","Q4.Likert.scale",15,NA,NA,2,NA,NA,NA,NA,NA
NA,"DARWIN_GPT_LTM","Q5.Likert.scale",19,NA,NA,NA,3,NA,NA,NA,NA
NA,"DARWIN_GPT_LTM","Q5.Likert.scale",19,NA,NA,NA,3,NA,NA,NA,NA
NA,"DARWIN_GPT_LTM","Q5.Likert.scale",19,NA,NA,NA,4,NA,NA,NA,NA
NA,"DARWIN_GPT_LTM","Q5.Likert.scale",19,NA,NA,NA,4,NA,NA,NA,NA
NA,"DARWIN_GPT_LTM","Q5.Likert.scale",19,NA,NA,NA,4,NA,NA,NA,NA
NA,"DARWIN_GPT_LTM","Q5.Likert.scale",19,NA,NA,NA,4,NA,NA,NA,NA
NA,"DARWIN_GPT_LTM","Q5.Likert.scale",19,NA,NA,NA,5,NA,NA,NA,NA
NA,"DARWIN_GPT_LTM","Q5.Likert.scale",19,NA,NA,NA,4,NA,NA,NA,NA
NA,"DARWIN_GPT_LTM","Q5.Likert.scale",19,NA,NA,NA,5,NA,NA,NA,NA
NA,"DARWIN_GPT_LTM","Q5.Likert.scale",19,NA,NA,NA,4,NA,NA,NA,NA
NA,"DARWIN_GPT_LTM","Q5.Likert.scale",19,NA,NA,NA,4,NA,NA,NA,NA
NA,"DARWIN_GPT_LTM","Q5.Likert.scale",19,NA,NA,NA,5,NA,NA,NA,NA
NA,"DARWIN_GPT_LTM","Q5.Likert.scale",19,NA,NA,NA,3,NA,NA,NA,NA
NA,"DARWIN_GPT_LTM","Q5.Likert.scale",19,NA,NA,NA,5,NA,NA,NA,NA
NA,"DARWIN_GPT_LTM","Q5.Likert.scale",19,NA,NA,NA,3,NA,NA,NA,NA
NA,"DARWIN_GPT_LTM","Q5.Likert.scale",19,NA,NA,NA,NA,NA,NA,NA,NA
NA,"DARWIN_GPT_LTM","Q6.Likert.scale",23,NA,NA,NA,NA,4,NA,NA,NA
NA,"DARWIN_GPT_LTM","Q6.Likert.scale",23,NA,NA,NA,NA,4,NA,NA,NA
NA,"DARWIN_GPT_LTM","Q6.Likert.scale",23,NA,NA,NA,NA,4,NA,NA,NA
NA,"DARWIN_GPT_LTM","Q6.Likert.scale",23,NA,NA,NA,NA,4,NA,NA,NA
NA,"DARWIN_GPT_LTM","Q6.Likert.scale",23,NA,NA,NA,NA,4,NA,NA,NA
NA,"DARWIN_GPT_LTM","Q6.Likert.scale",23,NA,NA,NA,NA,3,NA,NA,NA
NA,"DARWIN_GPT_LTM","Q6.Likert.scale",23,NA,NA,NA,NA,5,NA,NA,NA
NA,"DARWIN_GPT_LTM","Q6.Likert.scale",23,NA,NA,NA,NA,5,NA,NA,NA
NA,"DARWIN_GPT_LTM","Q6.Likert.scale",23,NA,NA,NA,NA,1,NA,NA,NA
NA,"DARWIN_GPT_LTM","Q6.Likert.scale",23,NA,NA,NA,NA,5,NA,NA,NA
NA,"DARWIN_GPT_LTM","Q6.Likert.scale",23,NA,NA,NA,NA,5,NA,NA,NA
NA,"DARWIN_GPT_LTM","Q6.Likert.scale",23,NA,NA,NA,NA,4,NA,NA,NA
NA,"DARWIN_GPT_LTM","Q6.Likert.scale",23,NA,NA,NA,NA,5,NA,NA,NA
NA,"DARWIN_GPT_LTM","Q6.Likert.scale",23,NA,NA,NA,NA,4,NA,NA,NA
NA,"DARWIN_GPT_LTM","Q6.Likert.scale",23,NA,NA,NA,NA,2,NA,NA,NA
NA,"DARWIN_GPT_LTM","Q6.Likert.scale",23,NA,NA,NA,NA,2,NA,NA,NA
NA,"DARWIN_GPT_LTM","Q7.Likert.scale",27,NA,NA,NA,NA,NA,5,NA,NA
NA,"DARWIN_GPT_LTM","Q7.Likert.scale",27,NA,NA,NA,NA,NA,3,NA,NA
NA,"DARWIN_GPT_LTM","Q7.Likert.scale",27,NA,NA,NA,NA,NA,3,NA,NA
NA,"DARWIN_GPT_LTM","Q7.Likert.scale",27,NA,NA,NA,NA,NA,3,NA,NA
NA,"DARWIN_GPT_LTM","Q7.Likert.scale",27,NA,NA,NA,NA,NA,3,NA,NA
NA,"DARWIN_GPT_LTM","Q7.Likert.scale",27,NA,NA,NA,NA,NA,3,NA,NA
NA,"DARWIN_GPT_LTM","Q7.Likert.scale",27,NA,NA,NA,NA,NA,4,NA,NA
NA,"DARWIN_GPT_LTM","Q7.Likert.scale",27,NA,NA,NA,NA,NA,4,NA,NA
NA,"DARWIN_GPT_LTM","Q7.Likert.scale",27,NA,NA,NA,NA,NA,4,NA,NA
NA,"DARWIN_GPT_LTM","Q7.Likert.scale",27,NA,NA,NA,NA,NA,4,NA,NA
NA,"DARWIN_GPT_LTM","Q7.Likert.scale",27,NA,NA,NA,NA,NA,4,NA,NA
NA,"DARWIN_GPT_LTM","Q7.Likert.scale",27,NA,NA,NA,NA,NA,2,NA,NA
NA,"DARWIN_GPT_LTM","Q7.Likert.scale",27,NA,NA,NA,NA,NA,3,NA,NA
NA,"DARWIN_GPT_LTM","Q7.Likert.scale",27,NA,NA,NA,NA,NA,4,NA,NA
NA,"DARWIN_GPT_LTM","Q7.Likert.scale",27,NA,NA,NA,NA,NA,3,NA,NA
NA,"DARWIN_GPT_LTM","Q7.Likert.scale",27,NA,NA,NA,NA,NA,4,NA,NA
NA,"DARWIN_GPT_LTM","Q8.Likert.scale",31,NA,NA,NA,NA,NA,NA,5,NA
NA,"DARWIN_GPT_LTM","Q8.Likert.scale",31,NA,NA,NA,NA,NA,NA,4,NA
NA,"DARWIN_GPT_LTM","Q8.Likert.scale",31,NA,NA,NA,NA,NA,NA,4,NA
NA,"DARWIN_GPT_LTM","Q8.Likert.scale",31,NA,NA,NA,NA,NA,NA,4,NA
NA,"DARWIN_GPT_LTM","Q8.Likert.scale",31,NA,NA,NA,NA,NA,NA,4,NA
NA,"DARWIN_GPT_LTM","Q8.Likert.scale",31,NA,NA,NA,NA,NA,NA,5,NA
NA,"DARWIN_GPT_LTM","Q8.Likert.scale",31,NA,NA,NA,NA,NA,NA,3,NA
NA,"DARWIN_GPT_LTM","Q8.Likert.scale",31,NA,NA,NA,NA,NA,NA,4,NA
NA,"DARWIN_GPT_LTM","Q8.Likert.scale",31,NA,NA,NA,NA,NA,NA,2,NA
NA,"DARWIN_GPT_LTM","Q8.Likert.scale",31,NA,NA,NA,NA,NA,NA,4,NA
NA,"DARWIN_GPT_LTM","Q8.Likert.scale",31,NA,NA,NA,NA,NA,NA,4,NA
NA,"DARWIN_GPT_LTM","Q8.Likert.scale",31,NA,NA,NA,NA,NA,NA,5,NA
NA,"DARWIN_GPT_LTM","Q8.Likert.scale",31,NA,NA,NA,NA,NA,NA,4,NA
NA,"DARWIN_GPT_LTM","Q8.Likert.scale",31,NA,NA,NA,NA,NA,NA,4,NA
NA,"DARWIN_GPT_LTM","Q8.Likert.scale",31,NA,NA,NA,NA,NA,NA,NA,NA
NA,"DARWIN_GPT_LTM","Q8.Likert.scale",31,NA,NA,NA,NA,NA,NA,3,NA
NA,"DARWIN_GPT_LTM","Q9.Likert.scale",35,NA,NA,NA,NA,NA,NA,NA,4
NA,"DARWIN_GPT_LTM","Q9.Likert.scale",35,NA,NA,NA,NA,NA,NA,NA,2
NA,"DARWIN_GPT_LTM","Q9.Likert.scale",35,NA,NA,NA,NA,NA,NA,NA,3
NA,"DARWIN_GPT_LTM","Q9.Likert.scale",35,NA,NA,NA,NA,NA,NA,NA,2
NA,"DARWIN_GPT_LTM","Q9.Likert.scale",35,NA,NA,NA,NA,NA,NA,NA,3
NA,"DARWIN_GPT_LTM","Q9.Likert.scale",35,NA,NA,NA,NA,NA,NA,NA,4
NA,"DARWIN_GPT_LTM","Q9.Likert.scale",35,NA,NA,NA,NA,NA,NA,NA,3
NA,"DARWIN_GPT_LTM","Q9.Likert.scale",35,NA,NA,NA,NA,NA,NA,NA,2
NA,"DARWIN_GPT_LTM","Q9.Likert.scale",35,NA,NA,NA,NA,NA,NA,NA,2
NA,"DARWIN_GPT_LTM","Q9.Likert.scale",35,NA,NA,NA,NA,NA,NA,NA,4
NA,"DARWIN_GPT_LTM","Q9.Likert.scale",35,NA,NA,NA,NA,NA,NA,NA,4
NA,"DARWIN_GPT_LTM","Q9.Likert.scale",35,NA,NA,NA,NA,NA,NA,NA,5
NA,"DARWIN_GPT_LTM","Q9.Likert.scale",35,NA,NA,NA,NA,NA,NA,NA,3
NA,"DARWIN_GPT_LTM","Q9.Likert.scale",35,NA,NA,NA,NA,NA,NA,NA,4
NA,"DARWIN_GPT_LTM","Q9.Likert.scale",35,NA,NA,NA,NA,NA,NA,NA,3
NA,"DARWIN_GPT_LTM","Q9.Likert.scale",35,NA,NA,NA,NA,NA,NA,NA,2
5,"DARWIN_Irath_LTM","Q1.Likert.scale",3,NA,NA,NA,NA,NA,NA,NA,NA
4,"DARWIN_Irath_LTM","Q1.Likert.scale",3,NA,NA,NA,NA,NA,NA,NA,NA
2,"DARWIN_Irath_LTM","Q1.Likert.scale",3,NA,NA,NA,NA,NA,NA,NA,NA
4,"DARWIN_Irath_LTM","Q1.Likert.scale",3,NA,NA,NA,NA,NA,NA,NA,NA
2,"DARWIN_Irath_LTM","Q1.Likert.scale",3,NA,NA,NA,NA,NA,NA,NA,NA
3,"DARWIN_Irath_LTM","Q1.Likert.scale",3,NA,NA,NA,NA,NA,NA,NA,NA
2,"DARWIN_Irath_LTM","Q1.Likert.scale",3,NA,NA,NA,NA,NA,NA,NA,NA
2,"DARWIN_Irath_LTM","Q1.Likert.scale",3,NA,NA,NA,NA,NA,NA,NA,NA
5,"DARWIN_Irath_LTM","Q1.Likert.scale",3,NA,NA,NA,NA,NA,NA,NA,NA
3,"DARWIN_Irath_LTM","Q1.Likert.scale",3,NA,NA,NA,NA,NA,NA,NA,NA
3,"DARWIN_Irath_LTM","Q1.Likert.scale",3,NA,NA,NA,NA,NA,NA,NA,NA
3,"DARWIN_Irath_LTM","Q1.Likert.scale",3,NA,NA,NA,NA,NA,NA,NA,NA
2,"DARWIN_Irath_LTM","Q1.Likert.scale",3,NA,NA,NA,NA,NA,NA,NA,NA
4,"DARWIN_Irath_LTM","Q1.Likert.scale",3,NA,NA,NA,NA,NA,NA,NA,NA
2,"DARWIN_Irath_LTM","Q1.Likert.scale",3,NA,NA,NA,NA,NA,NA,NA,NA
4,"DARWIN_Irath_LTM","Q1.Likert.scale",3,NA,NA,NA,NA,NA,NA,NA,NA
NA,"DARWIN_Irath_LTM","Q2.Likert.scale",7,2,NA,NA,NA,NA,NA,NA,NA
NA,"DARWIN_Irath_LTM","Q2.Likert.scale",7,2,NA,NA,NA,NA,NA,NA,NA
NA,"DARWIN_Irath_LTM","Q2.Likert.scale",7,2,NA,NA,NA,NA,NA,NA,NA
NA,"DARWIN_Irath_LTM","Q2.Likert.scale",7,2,NA,NA,NA,NA,NA,NA,NA
NA,"DARWIN_Irath_LTM","Q2.Likert.scale",7,2,NA,NA,NA,NA,NA,NA,NA
NA,"DARWIN_Irath_LTM","Q2.Likert.scale",7,5,NA,NA,NA,NA,NA,NA,NA
NA,"DARWIN_Irath_LTM","Q2.Likert.scale",7,2,NA,NA,NA,NA,NA,NA,NA
NA,"DARWIN_Irath_LTM","Q2.Likert.scale",7,2,NA,NA,NA,NA,NA,NA,NA
NA,"DARWIN_Irath_LTM","Q2.Likert.scale",7,2,NA,NA,NA,NA,NA,NA,NA
NA,"DARWIN_Irath_LTM","Q2.Likert.scale",7,2,NA,NA,NA,NA,NA,NA,NA
NA,"DARWIN_Irath_LTM","Q2.Likert.scale",7,2,NA,NA,NA,NA,NA,NA,NA
NA,"DARWIN_Irath_LTM","Q2.Likert.scale",7,2,NA,NA,NA,NA,NA,NA,NA
NA,"DARWIN_Irath_LTM","Q2.Likert.scale",7,2,NA,NA,NA,NA,NA,NA,NA
NA,"DARWIN_Irath_LTM","Q2.Likert.scale",7,2,NA,NA,NA,NA,NA,NA,NA
NA,"DARWIN_Irath_LTM","Q2.Likert.scale",7,2,NA,NA,NA,NA,NA,NA,NA
NA,"DARWIN_Irath_LTM","Q2.Likert.scale",7,5,NA,NA,NA,NA,NA,NA,NA
NA,"DARWIN_Irath_LTM","Q3.Likert.scale",11,NA,1,NA,NA,NA,NA,NA,NA
NA,"DARWIN_Irath_LTM","Q3.Likert.scale",11,NA,2,NA,NA,NA,NA,NA,NA
NA,"DARWIN_Irath_LTM","Q3.Likert.scale",11,NA,1,NA,NA,NA,NA,NA,NA
NA,"DARWIN_Irath_LTM","Q3.Likert.scale",11,NA,1,NA,NA,NA,NA,NA,NA
NA,"DARWIN_Irath_LTM","Q3.Likert.scale",11,NA,1,NA,NA,NA,NA,NA,NA
NA,"DARWIN_Irath_LTM","Q3.Likert.scale",11,NA,1,NA,NA,NA,NA,NA,NA
NA,"DARWIN_Irath_LTM","Q3.Likert.scale",11,NA,NA,NA,NA,NA,NA,NA,NA
NA,"DARWIN_Irath_LTM","Q3.Likert.scale",11,NA,NA,NA,NA,NA,NA,NA,NA
NA,"DARWIN_Irath_LTM","Q3.Likert.scale",11,NA,1,NA,NA,NA,NA,NA,NA
NA,"DARWIN_Irath_LTM","Q3.Likert.scale",11,NA,1,NA,NA,NA,NA,NA,NA
NA,"DARWIN_Irath_LTM","Q3.Likert.scale",11,NA,2,NA,NA,NA,NA,NA,NA
NA,"DARWIN_Irath_LTM","Q3.Likert.scale",11,NA,1,NA,NA,NA,NA,NA,NA
NA,"DARWIN_Irath_LTM","Q3.Likert.scale",11,NA,1,NA,NA,NA,NA,NA,NA
NA,"DARWIN_Irath_LTM","Q3.Likert.scale",11,NA,1,NA,NA,NA,NA,NA,NA
NA,"DARWIN_Irath_LTM","Q3.Likert.scale",11,NA,1,NA,NA,NA,NA,NA,NA
NA,"DARWIN_Irath_LTM","Q3.Likert.scale",11,NA,2,NA,NA,NA,NA,NA,NA
NA,"DARWIN_Irath_LTM","Q4.Likert.scale",15,NA,NA,1,NA,NA,NA,NA,NA
NA,"DARWIN_Irath_LTM","Q4.Likert.scale",15,NA,NA,2,NA,NA,NA,NA,NA
NA,"DARWIN_Irath_LTM","Q4.Likert.scale",15,NA,NA,1,NA,NA,NA,NA,NA
NA,"DARWIN_Irath_LTM","Q4.Likert.scale",15,NA,NA,2,NA,NA,NA,NA,NA
NA,"DARWIN_Irath_LTM","Q4.Likert.scale",15,NA,NA,2,NA,NA,NA,NA,NA
NA,"DARWIN_Irath_LTM","Q4.Likert.scale",15,NA,NA,2,NA,NA,NA,NA,NA
NA,"DARWIN_Irath_LTM","Q4.Likert.scale",15,NA,NA,2,NA,NA,NA,NA,NA
NA,"DARWIN_Irath_LTM","Q4.Likert.scale",15,NA,NA,NA,NA,NA,NA,NA,NA
NA,"DARWIN_Irath_LTM","Q4.Likert.scale",15,NA,NA,2,NA,NA,NA,NA,NA
NA,"DARWIN_Irath_LTM","Q4.Likert.scale",15,NA,NA,4,NA,NA,NA,NA,NA
NA,"DARWIN_Irath_LTM","Q4.Likert.scale",15,NA,NA,3,NA,NA,NA,NA,NA
NA,"DARWIN_Irath_LTM","Q4.Likert.scale",15,NA,NA,3,NA,NA,NA,NA,NA
NA,"DARWIN_Irath_LTM","Q4.Likert.scale",15,NA,NA,3,NA,NA,NA,NA,NA
NA,"DARWIN_Irath_LTM","Q4.Likert.scale",15,NA,NA,NA,NA,NA,NA,NA,NA
NA,"DARWIN_Irath_LTM","Q4.Likert.scale",15,NA,NA,2,NA,NA,NA,NA,NA
NA,"DARWIN_Irath_LTM","Q4.Likert.scale",15,NA,NA,2,NA,NA,NA,NA,NA
NA,"DARWIN_Irath_LTM","Q5.Likert.scale",19,NA,NA,NA,2,NA,NA,NA,NA
NA,"DARWIN_Irath_LTM","Q5.Likert.scale",19,NA,NA,NA,3,NA,NA,NA,NA
NA,"DARWIN_Irath_LTM","Q5.Likert.scale",19,NA,NA,NA,2,NA,NA,NA,NA
NA,"DARWIN_Irath_LTM","Q5.Likert.scale",19,NA,NA,NA,2,NA,NA,NA,NA
NA,"DARWIN_Irath_LTM","Q5.Likert.scale",19,NA,NA,NA,4,NA,NA,NA,NA
NA,"DARWIN_Irath_LTM","Q5.Likert.scale",19,NA,NA,NA,3,NA,NA,NA,NA
NA,"DARWIN_Irath_LTM","Q5.Likert.scale",19,NA,NA,NA,1,NA,NA,NA,NA
NA,"DARWIN_Irath_LTM","Q5.Likert.scale",19,NA,NA,NA,2,NA,NA,NA,NA
NA,"DARWIN_Irath_LTM","Q5.Likert.scale",19,NA,NA,NA,2,NA,NA,NA,NA
NA,"DARWIN_Irath_LTM","Q5.Likert.scale",19,NA,NA,NA,3,NA,NA,NA,NA
NA,"DARWIN_Irath_LTM","Q5.Likert.scale",19,NA,NA,NA,2,NA,NA,NA,NA
NA,"DARWIN_Irath_LTM","Q5.Likert.scale",19,NA,NA,NA,NA,NA,NA,NA,NA
NA,"DARWIN_Irath_LTM","Q5.Likert.scale",19,NA,NA,NA,2,NA,NA,NA,NA
NA,"DARWIN_Irath_LTM","Q5.Likert.scale",19,NA,NA,NA,NA,NA,NA,NA,NA
NA,"DARWIN_Irath_LTM","Q5.Likert.scale",19,NA,NA,NA,2,NA,NA,NA,NA
NA,"DARWIN_Irath_LTM","Q5.Likert.scale",19,NA,NA,NA,NA,NA,NA,NA,NA
NA,"DARWIN_Irath_LTM","Q6.Likert.scale",23,NA,NA,NA,NA,2,NA,NA,NA
NA,"DARWIN_Irath_LTM","Q6.Likert.scale",23,NA,NA,NA,NA,NA,NA,NA,NA
NA,"DARWIN_Irath_LTM","Q6.Likert.scale",23,NA,NA,NA,NA,2,NA,NA,NA
NA,"DARWIN_Irath_LTM","Q6.Likert.scale",23,NA,NA,NA,NA,2,NA,NA,NA
NA,"DARWIN_Irath_LTM","Q6.Likert.scale",23,NA,NA,NA,NA,2,NA,NA,NA
NA,"DARWIN_Irath_LTM","Q6.Likert.scale",23,NA,NA,NA,NA,3,NA,NA,NA
NA,"DARWIN_Irath_LTM","Q6.Likert.scale",23,NA,NA,NA,NA,NA,NA,NA,NA
NA,"DARWIN_Irath_LTM","Q6.Likert.scale",23,NA,NA,NA,NA,NA,NA,NA,NA
NA,"DARWIN_Irath_LTM","Q6.Likert.scale",23,NA,NA,NA,NA,2,NA,NA,NA
NA,"DARWIN_Irath_LTM","Q6.Likert.scale",23,NA,NA,NA,NA,NA,NA,NA,NA
NA,"DARWIN_Irath_LTM","Q6.Likert.scale",23,NA,NA,NA,NA,NA,NA,NA,NA
NA,"DARWIN_Irath_LTM","Q6.Likert.scale",23,NA,NA,NA,NA,2,NA,NA,NA
NA,"DARWIN_Irath_LTM","Q6.Likert.scale",23,NA,NA,NA,NA,NA,NA,NA,NA
NA,"DARWIN_Irath_LTM","Q6.Likert.scale",23,NA,NA,NA,NA,2,NA,NA,NA
NA,"DARWIN_Irath_LTM","Q6.Likert.scale",23,NA,NA,NA,NA,2,NA,NA,NA
NA,"DARWIN_Irath_LTM","Q6.Likert.scale",23,NA,NA,NA,NA,3,NA,NA,NA
NA,"DARWIN_Irath_LTM","Q7.Likert.scale",27,NA,NA,NA,NA,NA,3,NA,NA
NA,"DARWIN_Irath_LTM","Q7.Likert.scale",27,NA,NA,NA,NA,NA,3,NA,NA
NA,"DARWIN_Irath_LTM","Q7.Likert.scale",27,NA,NA,NA,NA,NA,2,NA,NA
NA,"DARWIN_Irath_LTM","Q7.Likert.scale",27,NA,NA,NA,NA,NA,2,NA,NA
NA,"DARWIN_Irath_LTM","Q7.Likert.scale",27,NA,NA,NA,NA,NA,2,NA,NA
NA,"DARWIN_Irath_LTM","Q7.Likert.scale",27,NA,NA,NA,NA,NA,2,NA,NA
NA,"DARWIN_Irath_LTM","Q7.Likert.scale",27,NA,NA,NA,NA,NA,2,NA,NA
NA,"DARWIN_Irath_LTM","Q7.Likert.scale",27,NA,NA,NA,NA,NA,2,NA,NA
NA,"DARWIN_Irath_LTM","Q7.Likert.scale",27,NA,NA,NA,NA,NA,2,NA,NA
NA,"DARWIN_Irath_LTM","Q7.Likert.scale",27,NA,NA,NA,NA,NA,2,NA,NA
NA,"DARWIN_Irath_LTM","Q7.Likert.scale",27,NA,NA,NA,NA,NA,2,NA,NA
NA,"DARWIN_Irath_LTM","Q7.Likert.scale",27,NA,NA,NA,NA,NA,3,NA,NA
NA,"DARWIN_Irath_LTM","Q7.Likert.scale",27,NA,NA,NA,NA,NA,2,NA,NA
NA,"DARWIN_Irath_LTM","Q7.Likert.scale",27,NA,NA,NA,NA,NA,2,NA,NA
NA,"DARWIN_Irath_LTM","Q7.Likert.scale",27,NA,NA,NA,NA,NA,3,NA,NA
NA,"DARWIN_Irath_LTM","Q7.Likert.scale",27,NA,NA,NA,NA,NA,1,NA,NA
NA,"DARWIN_Irath_LTM","Q8.Likert.scale",31,NA,NA,NA,NA,NA,NA,3,NA
NA,"DARWIN_Irath_LTM","Q8.Likert.scale",31,NA,NA,NA,NA,NA,NA,3,NA
NA,"DARWIN_Irath_LTM","Q8.Likert.scale",31,NA,NA,NA,NA,NA,NA,3,NA
NA,"DARWIN_Irath_LTM","Q8.Likert.scale",31,NA,NA,NA,NA,NA,NA,4,NA
NA,"DARWIN_Irath_LTM","Q8.Likert.scale",31,NA,NA,NA,NA,NA,NA,3,NA
NA,"DARWIN_Irath_LTM","Q8.Likert.scale",31,NA,NA,NA,NA,NA,NA,3,NA
NA,"DARWIN_Irath_LTM","Q8.Likert.scale",31,NA,NA,NA,NA,NA,NA,4,NA
NA,"DARWIN_Irath_LTM","Q8.Likert.scale",31,NA,NA,NA,NA,NA,NA,4,NA
NA,"DARWIN_Irath_LTM","Q8.Likert.scale",31,NA,NA,NA,NA,NA,NA,3,NA
NA,"DARWIN_Irath_LTM","Q8.Likert.scale",31,NA,NA,NA,NA,NA,NA,4,NA
NA,"DARWIN_Irath_LTM","Q8.Likert.scale",31,NA,NA,NA,NA,NA,NA,4,NA
NA,"DARWIN_Irath_LTM","Q8.Likert.scale",31,NA,NA,NA,NA,NA,NA,4,NA
NA,"DARWIN_Irath_LTM","Q8.Likert.scale",31,NA,NA,NA,NA,NA,NA,4,NA
NA,"DARWIN_Irath_LTM","Q8.Likert.scale",31,NA,NA,NA,NA,NA,NA,5,NA
NA,"DARWIN_Irath_LTM","Q8.Likert.scale",31,NA,NA,NA,NA,NA,NA,3,NA
NA,"DARWIN_Irath_LTM","Q8.Likert.scale",31,NA,NA,NA,NA,NA,NA,3,NA
NA,"DARWIN_Irath_LTM","Q9.Likert.scale",35,NA,NA,NA,NA,NA,NA,NA,3
NA,"DARWIN_Irath_LTM","Q9.Likert.scale",35,NA,NA,NA,NA,NA,NA,NA,3
NA,"DARWIN_Irath_LTM","Q9.Likert.scale",35,NA,NA,NA,NA,NA,NA,NA,2
NA,"DARWIN_Irath_LTM","Q9.Likert.scale",35,NA,NA,NA,NA,NA,NA,NA,3
NA,"DARWIN_Irath_LTM","Q9.Likert.scale",35,NA,NA,NA,NA,NA,NA,NA,3
NA,"DARWIN_Irath_LTM","Q9.Likert.scale",35,NA,NA,NA,NA,NA,NA,NA,2
NA,"DARWIN_Irath_LTM","Q9.Likert.scale",35,NA,NA,NA,NA,NA,NA,NA,2
NA,"DARWIN_Irath_LTM","Q9.Likert.scale",35,NA,NA,NA,NA,NA,NA,NA,2
NA,"DARWIN_Irath_LTM","Q9.Likert.scale",35,NA,NA,NA,NA,NA,NA,NA,2
NA,"DARWIN_Irath_LTM","Q9.Likert.scale",35,NA,NA,NA,NA,NA,NA,NA,2
NA,"DARWIN_Irath_LTM","Q9.Likert.scale",35,NA,NA,NA,NA,NA,NA,NA,4
NA,"DARWIN_Irath_LTM","Q9.Likert.scale",35,NA,NA,NA,NA,NA,NA,NA,NA
NA,"DARWIN_Irath_LTM","Q9.Likert.scale",35,NA,NA,NA,NA,NA,NA,NA,2
NA,"DARWIN_Irath_LTM","Q9.Likert.scale",35,NA,NA,NA,NA,NA,NA,NA,1
NA,"DARWIN_Irath_LTM","Q9.Likert.scale",35,NA,NA,NA,NA,NA,NA,NA,1
NA,"DARWIN_Irath_LTM","Q9.Likert.scale",35,NA,NA,NA,NA,NA,NA,NA,1
3,"DARWIN_Llama_LTM","Q1.Likert.scale",3,NA,NA,NA,NA,NA,NA,NA,NA
5,"DARWIN_Llama_LTM","Q1.Likert.scale",3,NA,NA,NA,NA,NA,NA,NA,NA
4,"DARWIN_Llama_LTM","Q1.Likert.scale",3,NA,NA,NA,NA,NA,NA,NA,NA
5,"DARWIN_Llama_LTM","Q1.Likert.scale",3,NA,NA,NA,NA,NA,NA,NA,NA
4,"DARWIN_Llama_LTM","Q1.Likert.scale",3,NA,NA,NA,NA,NA,NA,NA,NA
3,"DARWIN_Llama_LTM","Q1.Likert.scale",3,NA,NA,NA,NA,NA,NA,NA,NA
3,"DARWIN_Llama_LTM","Q1.Likert.scale",3,NA,NA,NA,NA,NA,NA,NA,NA
4,"DARWIN_Llama_LTM","Q1.Likert.scale",3,NA,NA,NA,NA,NA,NA,NA,NA
5,"DARWIN_Llama_LTM","Q1.Likert.scale",3,NA,NA,NA,NA,NA,NA,NA,NA
5,"DARWIN_Llama_LTM","Q1.Likert.scale",3,NA,NA,NA,NA,NA,NA,NA,NA
3,"DARWIN_Llama_LTM","Q1.Likert.scale",3,NA,NA,NA,NA,NA,NA,NA,NA
2,"DARWIN_Llama_LTM","Q1.Likert.scale",3,NA,NA,NA,NA,NA,NA,NA,NA
3,"DARWIN_Llama_LTM","Q1.Likert.scale",3,NA,NA,NA,NA,NA,NA,NA,NA
4,"DARWIN_Llama_LTM","Q1.Likert.scale",3,NA,NA,NA,NA,NA,NA,NA,NA
5,"DARWIN_Llama_LTM","Q1.Likert.scale",3,NA,NA,NA,NA,NA,NA,NA,NA
5,"DARWIN_Llama_LTM","Q1.Likert.scale",3,NA,NA,NA,NA,NA,NA,NA,NA
NA,"DARWIN_Llama_LTM","Q2.Likert.scale",7,3,NA,NA,NA,NA,NA,NA,NA
NA,"DARWIN_Llama_LTM","Q2.Likert.scale",7,3,NA,NA,NA,NA,NA,NA,NA
NA,"DARWIN_Llama_LTM","Q2.Likert.scale",7,3,NA,NA,NA,NA,NA,NA,NA
NA,"DARWIN_Llama_LTM","Q2.Likert.scale",7,3,NA,NA,NA,NA,NA,NA,NA
NA,"DARWIN_Llama_LTM","Q2.Likert.scale",7,3,NA,NA,NA,NA,NA,NA,NA
NA,"DARWIN_Llama_LTM","Q2.Likert.scale",7,3,NA,NA,NA,NA,NA,NA,NA
NA,"DARWIN_Llama_LTM","Q2.Likert.scale",7,3,NA,NA,NA,NA,NA,NA,NA
NA,"DARWIN_Llama_LTM","Q2.Likert.scale",7,5,NA,NA,NA,NA,NA,NA,NA
NA,"DARWIN_Llama_LTM","Q2.Likert.scale",7,4,NA,NA,NA,NA,NA,NA,NA
NA,"DARWIN_Llama_LTM","Q2.Likert.scale",7,3,NA,NA,NA,NA,NA,NA,NA
NA,"DARWIN_Llama_LTM","Q2.Likert.scale",7,3,NA,NA,NA,NA,NA,NA,NA
NA,"DARWIN_Llama_LTM","Q2.Likert.scale",7,3,NA,NA,NA,NA,NA,NA,NA
NA,"DARWIN_Llama_LTM","Q2.Likert.scale",7,2,NA,NA,NA,NA,NA,NA,NA
NA,"DARWIN_Llama_LTM","Q2.Likert.scale",7,3,NA,NA,NA,NA,NA,NA,NA
NA,"DARWIN_Llama_LTM","Q2.Likert.scale",7,3,NA,NA,NA,NA,NA,NA,NA
NA,"DARWIN_Llama_LTM","Q2.Likert.scale",7,5,NA,NA,NA,NA,NA,NA,NA
NA,"DARWIN_Llama_LTM","Q3.Likert.scale",11,NA,2,NA,NA,NA,NA,NA,NA
NA,"DARWIN_Llama_LTM","Q3.Likert.scale",11,NA,2,NA,NA,NA,NA,NA,NA
NA,"DARWIN_Llama_LTM","Q3.Likert.scale",11,NA,2,NA,NA,NA,NA,NA,NA
NA,"DARWIN_Llama_LTM","Q3.Likert.scale",11,NA,2,NA,NA,NA,NA,NA,NA
NA,"DARWIN_Llama_LTM","Q3.Likert.scale",11,NA,2,NA,NA,NA,NA,NA,NA
NA,"DARWIN_Llama_LTM","Q3.Likert.scale",11,NA,2,NA,NA,NA,NA,NA,NA
NA,"DARWIN_Llama_LTM","Q3.Likert.scale",11,NA,NA,NA,NA,NA,NA,NA,NA
NA,"DARWIN_Llama_LTM","Q3.Likert.scale",11,NA,NA,NA,NA,NA,NA,NA,NA
NA,"DARWIN_Llama_LTM","Q3.Likert.scale",11,NA,2,NA,NA,NA,NA,NA,NA
NA,"DARWIN_Llama_LTM","Q3.Likert.scale",11,NA,3,NA,NA,NA,NA,NA,NA
NA,"DARWIN_Llama_LTM","Q3.Likert.scale",11,NA,3,NA,NA,NA,NA,NA,NA
NA,"DARWIN_Llama_LTM","Q3.Likert.scale",11,NA,3,NA,NA,NA,NA,NA,NA
NA,"DARWIN_Llama_LTM","Q3.Likert.scale",11,NA,3,NA,NA,NA,NA,NA,NA
NA,"DARWIN_Llama_LTM","Q3.Likert.scale",11,NA,3,NA,NA,NA,NA,NA,NA
NA,"DARWIN_Llama_LTM","Q3.Likert.scale",11,NA,2,NA,NA,NA,NA,NA,NA
NA,"DARWIN_Llama_LTM","Q3.Likert.scale",11,NA,2,NA,NA,NA,NA,NA,NA
NA,"DARWIN_Llama_LTM","Q4.Likert.scale",15,NA,NA,2,NA,NA,NA,NA,NA
NA,"DARWIN_Llama_LTM","Q4.Likert.scale",15,NA,NA,4,NA,NA,NA,NA,NA
NA,"DARWIN_Llama_LTM","Q4.Likert.scale",15,NA,NA,3,NA,NA,NA,NA,NA
NA,"DARWIN_Llama_LTM","Q4.Likert.scale",15,NA,NA,4,NA,NA,NA,NA,NA
NA,"DARWIN_Llama_LTM","Q4.Likert.scale",15,NA,NA,3,NA,NA,NA,NA,NA
NA,"DARWIN_Llama_LTM","Q4.Likert.scale",15,NA,NA,3,NA,NA,NA,NA,NA
NA,"DARWIN_Llama_LTM","Q4.Likert.scale",15,NA,NA,4,NA,NA,NA,NA,NA
NA,"DARWIN_Llama_LTM","Q4.Likert.scale",15,NA,NA,NA,NA,NA,NA,NA,NA
NA,"DARWIN_Llama_LTM","Q4.Likert.scale",15,NA,NA,3,NA,NA,NA,NA,NA
NA,"DARWIN_Llama_LTM","Q4.Likert.scale",15,NA,NA,3,NA,NA,NA,NA,NA
NA,"DARWIN_Llama_LTM","Q4.Likert.scale",15,NA,NA,4,NA,NA,NA,NA,NA
NA,"DARWIN_Llama_LTM","Q4.Likert.scale",15,NA,NA,4,NA,NA,NA,NA,NA
NA,"DARWIN_Llama_LTM","Q4.Likert.scale",15,NA,NA,5,NA,NA,NA,NA,NA
NA,"DARWIN_Llama_LTM","Q4.Likert.scale",15,NA,NA,NA,NA,NA,NA,NA,NA
NA,"DARWIN_Llama_LTM","Q4.Likert.scale",15,NA,NA,3,NA,NA,NA,NA,NA
NA,"DARWIN_Llama_LTM","Q4.Likert.scale",15,NA,NA,5,NA,NA,NA,NA,NA
NA,"DARWIN_Llama_LTM","Q5.Likert.scale",19,NA,NA,NA,3,NA,NA,NA,NA
NA,"DARWIN_Llama_LTM","Q5.Likert.scale",19,NA,NA,NA,4,NA,NA,NA,NA
NA,"DARWIN_Llama_LTM","Q5.Likert.scale",19,NA,NA,NA,2,NA,NA,NA,NA
NA,"DARWIN_Llama_LTM","Q5.Likert.scale",19,NA,NA,NA,2,NA,NA,NA,NA
NA,"DARWIN_Llama_LTM","Q5.Likert.scale",19,NA,NA,NA,3,NA,NA,NA,NA
NA,"DARWIN_Llama_LTM","Q5.Likert.scale",19,NA,NA,NA,3,NA,NA,NA,NA
NA,"DARWIN_Llama_LTM","Q5.Likert.scale",19,NA,NA,NA,3,NA,NA,NA,NA
NA,"DARWIN_Llama_LTM","Q5.Likert.scale",19,NA,NA,NA,3,NA,NA,NA,NA
NA,"DARWIN_Llama_LTM","Q5.Likert.scale",19,NA,NA,NA,4,NA,NA,NA,NA
NA,"DARWIN_Llama_LTM","Q5.Likert.scale",19,NA,NA,NA,3,NA,NA,NA,NA
NA,"DARWIN_Llama_LTM","Q5.Likert.scale",19,NA,NA,NA,2,NA,NA,NA,NA
NA,"DARWIN_Llama_LTM","Q5.Likert.scale",19,NA,NA,NA,NA,NA,NA,NA,NA
NA,"DARWIN_Llama_LTM","Q5.Likert.scale",19,NA,NA,NA,3,NA,NA,NA,NA
NA,"DARWIN_Llama_LTM","Q5.Likert.scale",19,NA,NA,NA,NA,NA,NA,NA,NA
NA,"DARWIN_Llama_LTM","Q5.Likert.scale",19,NA,NA,NA,3,NA,NA,NA,NA
NA,"DARWIN_Llama_LTM","Q5.Likert.scale",19,NA,NA,NA,NA,NA,NA,NA,NA
NA,"DARWIN_Llama_LTM","Q6.Likert.scale",23,NA,NA,NA,NA,4,NA,NA,NA
NA,"DARWIN_Llama_LTM","Q6.Likert.scale",23,NA,NA,NA,NA,NA,NA,NA,NA
NA,"DARWIN_Llama_LTM","Q6.Likert.scale",23,NA,NA,NA,NA,3,NA,NA,NA
NA,"DARWIN_Llama_LTM","Q6.Likert.scale",23,NA,NA,NA,NA,2,NA,NA,NA
NA,"DARWIN_Llama_LTM","Q6.Likert.scale",23,NA,NA,NA,NA,5,NA,NA,NA
NA,"DARWIN_Llama_LTM","Q6.Likert.scale",23,NA,NA,NA,NA,3,NA,NA,NA
NA,"DARWIN_Llama_LTM","Q6.Likert.scale",23,NA,NA,NA,NA,NA,NA,NA,NA
NA,"DARWIN_Llama_LTM","Q6.Likert.scale",23,NA,NA,NA,NA,NA,NA,NA,NA
NA,"DARWIN_Llama_LTM","Q6.Likert.scale",23,NA,NA,NA,NA,4,NA,NA,NA
NA,"DARWIN_Llama_LTM","Q6.Likert.scale",23,NA,NA,NA,NA,NA,NA,NA,NA
NA,"DARWIN_Llama_LTM","Q6.Likert.scale",23,NA,NA,NA,NA,NA,NA,NA,NA
NA,"DARWIN_Llama_LTM","Q6.Likert.scale",23,NA,NA,NA,NA,2,NA,NA,NA
NA,"DARWIN_Llama_LTM","Q6.Likert.scale",23,NA,NA,NA,NA,NA,NA,NA,NA
NA,"DARWIN_Llama_LTM","Q6.Likert.scale",23,NA,NA,NA,NA,3,NA,NA,NA
NA,"DARWIN_Llama_LTM","Q6.Likert.scale",23,NA,NA,NA,NA,3,NA,NA,NA
NA,"DARWIN_Llama_LTM","Q6.Likert.scale",23,NA,NA,NA,NA,4,NA,NA,NA
NA,"DARWIN_Llama_LTM","Q7.Likert.scale",27,NA,NA,NA,NA,NA,4,NA,NA
NA,"DARWIN_Llama_LTM","Q7.Likert.scale",27,NA,NA,NA,NA,NA,3,NA,NA
NA,"DARWIN_Llama_LTM","Q7.Likert.scale",27,NA,NA,NA,NA,NA,3,NA,NA
NA,"DARWIN_Llama_LTM","Q7.Likert.scale",27,NA,NA,NA,NA,NA,2,NA,NA
NA,"DARWIN_Llama_LTM","Q7.Likert.scale",27,NA,NA,NA,NA,NA,3,NA,NA
NA,"DARWIN_Llama_LTM","Q7.Likert.scale",27,NA,NA,NA,NA,NA,2,NA,NA
NA,"DARWIN_Llama_LTM","Q7.Likert.scale",27,NA,NA,NA,NA,NA,2,NA,NA
NA,"DARWIN_Llama_LTM","Q7.Likert.scale",27,NA,NA,NA,NA,NA,3,NA,NA
NA,"DARWIN_Llama_LTM","Q7.Likert.scale",27,NA,NA,NA,NA,NA,3,NA,NA
NA,"DARWIN_Llama_LTM","Q7.Likert.scale",27,NA,NA,NA,NA,NA,2,NA,NA
NA,"DARWIN_Llama_LTM","Q7.Likert.scale",27,NA,NA,NA,NA,NA,3,NA,NA
NA,"DARWIN_Llama_LTM","Q7.Likert.scale",27,NA,NA,NA,NA,NA,2,NA,NA
NA,"DARWIN_Llama_LTM","Q7.Likert.scale",27,NA,NA,NA,NA,NA,2,NA,NA
NA,"DARWIN_Llama_LTM","Q7.Likert.scale",27,NA,NA,NA,NA,NA,2,NA,NA
NA,"DARWIN_Llama_LTM","Q7.Likert.scale",27,NA,NA,NA,NA,NA,2,NA,NA
NA,"DARWIN_Llama_LTM","Q7.Likert.scale",27,NA,NA,NA,NA,NA,4,NA,NA
NA,"DARWIN_Llama_LTM","Q8.Likert.scale",31,NA,NA,NA,NA,NA,NA,3,NA
NA,"DARWIN_Llama_LTM","Q8.Likert.scale",31,NA,NA,NA,NA,NA,NA,3,NA
NA,"DARWIN_Llama_LTM","Q8.Likert.scale",31,NA,NA,NA,NA,NA,NA,3,NA
NA,"DARWIN_Llama_LTM","Q8.Likert.scale",31,NA,NA,NA,NA,NA,NA,3,NA
NA,"DARWIN_Llama_LTM","Q8.Likert.scale",31,NA,NA,NA,NA,NA,NA,3,NA
NA,"DARWIN_Llama_LTM","Q8.Likert.scale",31,NA,NA,NA,NA,NA,NA,3,NA
NA,"DARWIN_Llama_LTM","Q8.Likert.scale",31,NA,NA,NA,NA,NA,NA,2,NA
NA,"DARWIN_Llama_LTM","Q8.Likert.scale",31,NA,NA,NA,NA,NA,NA,3,NA
NA,"DARWIN_Llama_LTM","Q8.Likert.scale",31,NA,NA,NA,NA,NA,NA,3,NA
NA,"DARWIN_Llama_LTM","Q8.Likert.scale",31,NA,NA,NA,NA,NA,NA,4,NA
NA,"DARWIN_Llama_LTM","Q8.Likert.scale",31,NA,NA,NA,NA,NA,NA,3,NA
NA,"DARWIN_Llama_LTM","Q8.Likert.scale",31,NA,NA,NA,NA,NA,NA,5,NA
NA,"DARWIN_Llama_LTM","Q8.Likert.scale",31,NA,NA,NA,NA,NA,NA,3,NA
NA,"DARWIN_Llama_LTM","Q8.Likert.scale",31,NA,NA,NA,NA,NA,NA,5,NA
NA,"DARWIN_Llama_LTM","Q8.Likert.scale",31,NA,NA,NA,NA,NA,NA,4,NA
NA,"DARWIN_Llama_LTM","Q8.Likert.scale",31,NA,NA,NA,NA,NA,NA,3,NA
NA,"DARWIN_Llama_LTM","Q9.Likert.scale",35,NA,NA,NA,NA,NA,NA,NA,1
NA,"DARWIN_Llama_LTM","Q9.Likert.scale",35,NA,NA,NA,NA,NA,NA,NA,2
NA,"DARWIN_Llama_LTM","Q9.Likert.scale",35,NA,NA,NA,NA,NA,NA,NA,3
NA,"DARWIN_Llama_LTM","Q9.Likert.scale",35,NA,NA,NA,NA,NA,NA,NA,3
NA,"DARWIN_Llama_LTM","Q9.Likert.scale",35,NA,NA,NA,NA,NA,NA,NA,2
NA,"DARWIN_Llama_LTM","Q9.Likert.scale",35,NA,NA,NA,NA,NA,NA,NA,2
NA,"DARWIN_Llama_LTM","Q9.Likert.scale",35,NA,NA,NA,NA,NA,NA,NA,3
NA,"DARWIN_Llama_LTM","Q9.Likert.scale",35,NA,NA,NA,NA,NA,NA,NA,1
NA,"DARWIN_Llama_LTM","Q9.Likert.scale",35,NA,NA,NA,NA,NA,NA,NA,2
NA,"DARWIN_Llama_LTM","Q9.Likert.scale",35,NA,NA,NA,NA,NA,NA,NA,3
NA,"DARWIN_Llama_LTM","Q9.Likert.scale",35,NA,NA,NA,NA,NA,NA,NA,5
NA,"DARWIN_Llama_LTM","Q9.Likert.scale",35,NA,NA,NA,NA,NA,NA,NA,NA
NA,"DARWIN_Llama_LTM","Q9.Likert.scale",35,NA,NA,NA,NA,NA,NA,NA,2
NA,"DARWIN_Llama_LTM","Q9.Likert.scale",35,NA,NA,NA,NA,NA,NA,NA,3
NA,"DARWIN_Llama_LTM","Q9.Likert.scale",35,NA,NA,NA,NA,NA,NA,NA,2
NA,"DARWIN_Llama_LTM","Q9.Likert.scale",35,NA,NA,NA,NA,NA,NA,NA,3
5,"HMA_EMA_DEEPSEEK_LTM","Q1.Likert.scale",3,NA,NA,NA,NA,NA,NA,NA,NA
4,"HMA_EMA_DEEPSEEK_LTM","Q1.Likert.scale",3,NA,NA,NA,NA,NA,NA,NA,NA
5,"HMA_EMA_DEEPSEEK_LTM","Q1.Likert.scale",3,NA,NA,NA,NA,NA,NA,NA,NA
5,"HMA_EMA_DEEPSEEK_LTM","Q1.Likert.scale",3,NA,NA,NA,NA,NA,NA,NA,NA
4,"HMA_EMA_DEEPSEEK_LTM","Q1.Likert.scale",3,NA,NA,NA,NA,NA,NA,NA,NA
5,"HMA_EMA_DEEPSEEK_LTM","Q1.Likert.scale",3,NA,NA,NA,NA,NA,NA,NA,NA
5,"HMA_EMA_DEEPSEEK_LTM","Q1.Likert.scale",3,NA,NA,NA,NA,NA,NA,NA,NA
5,"HMA_EMA_DEEPSEEK_LTM","Q1.Likert.scale",3,NA,NA,NA,NA,NA,NA,NA,NA
5,"HMA_EMA_DEEPSEEK_LTM","Q1.Likert.scale",3,NA,NA,NA,NA,NA,NA,NA,NA
5,"HMA_EMA_DEEPSEEK_LTM","Q1.Likert.scale",3,NA,NA,NA,NA,NA,NA,NA,NA
5,"HMA_EMA_DEEPSEEK_LTM","Q1.Likert.scale",3,NA,NA,NA,NA,NA,NA,NA,NA
5,"HMA_EMA_DEEPSEEK_LTM","Q1.Likert.scale",3,NA,NA,NA,NA,NA,NA,NA,NA
5,"HMA_EMA_DEEPSEEK_LTM","Q1.Likert.scale",3,NA,NA,NA,NA,NA,NA,NA,NA
5,"HMA_EMA_DEEPSEEK_LTM","Q1.Likert.scale",3,NA,NA,NA,NA,NA,NA,NA,NA
5,"HMA_EMA_DEEPSEEK_LTM","Q1.Likert.scale",3,NA,NA,NA,NA,NA,NA,NA,NA
NA,"HMA_EMA_DEEPSEEK_LTM","Q2.Likert.scale",7,4,NA,NA,NA,NA,NA,NA,NA
NA,"HMA_EMA_DEEPSEEK_LTM","Q2.Likert.scale",7,5,NA,NA,NA,NA,NA,NA,NA
NA,"HMA_EMA_DEEPSEEK_LTM","Q2.Likert.scale",7,5,NA,NA,NA,NA,NA,NA,NA
NA,"HMA_EMA_DEEPSEEK_LTM","Q2.Likert.scale",7,3,NA,NA,NA,NA,NA,NA,NA
NA,"HMA_EMA_DEEPSEEK_LTM","Q2.Likert.scale",7,5,NA,NA,NA,NA,NA,NA,NA
NA,"HMA_EMA_DEEPSEEK_LTM","Q2.Likert.scale",7,5,NA,NA,NA,NA,NA,NA,NA
NA,"HMA_EMA_DEEPSEEK_LTM","Q2.Likert.scale",7,5,NA,NA,NA,NA,NA,NA,NA
NA,"HMA_EMA_DEEPSEEK_LTM","Q2.Likert.scale",7,5,NA,NA,NA,NA,NA,NA,NA
NA,"HMA_EMA_DEEPSEEK_LTM","Q2.Likert.scale",7,5,NA,NA,NA,NA,NA,NA,NA
NA,"HMA_EMA_DEEPSEEK_LTM","Q2.Likert.scale",7,5,NA,NA,NA,NA,NA,NA,NA
NA,"HMA_EMA_DEEPSEEK_LTM","Q2.Likert.scale",7,5,NA,NA,NA,NA,NA,NA,NA
NA,"HMA_EMA_DEEPSEEK_LTM","Q2.Likert.scale",7,5,NA,NA,NA,NA,NA,NA,NA
NA,"HMA_EMA_DEEPSEEK_LTM","Q2.Likert.scale",7,5,NA,NA,NA,NA,NA,NA,NA
NA,"HMA_EMA_DEEPSEEK_LTM","Q2.Likert.scale",7,5,NA,NA,NA,NA,NA,NA,NA
NA,"HMA_EMA_DEEPSEEK_LTM","Q2.Likert.scale",7,5,NA,NA,NA,NA,NA,NA,NA
NA,"HMA_EMA_DEEPSEEK_LTM","Q3.Likert.scale",11,NA,5,NA,NA,NA,NA,NA,NA
NA,"HMA_EMA_DEEPSEEK_LTM","Q3.Likert.scale",11,NA,5,NA,NA,NA,NA,NA,NA
NA,"HMA_EMA_DEEPSEEK_LTM","Q3.Likert.scale",11,NA,5,NA,NA,NA,NA,NA,NA
NA,"HMA_EMA_DEEPSEEK_LTM","Q3.Likert.scale",11,NA,5,NA,NA,NA,NA,NA,NA
NA,"HMA_EMA_DEEPSEEK_LTM","Q3.Likert.scale",11,NA,3,NA,NA,NA,NA,NA,NA
NA,"HMA_EMA_DEEPSEEK_LTM","Q3.Likert.scale",11,NA,5,NA,NA,NA,NA,NA,NA
NA,"HMA_EMA_DEEPSEEK_LTM","Q3.Likert.scale",11,NA,2,NA,NA,NA,NA,NA,NA
NA,"HMA_EMA_DEEPSEEK_LTM","Q3.Likert.scale",11,NA,5,NA,NA,NA,NA,NA,NA
NA,"HMA_EMA_DEEPSEEK_LTM","Q3.Likert.scale",11,NA,5,NA,NA,NA,NA,NA,NA
NA,"HMA_EMA_DEEPSEEK_LTM","Q3.Likert.scale",11,NA,5,NA,NA,NA,NA,NA,NA
NA,"HMA_EMA_DEEPSEEK_LTM","Q3.Likert.scale",11,NA,5,NA,NA,NA,NA,NA,NA
NA,"HMA_EMA_DEEPSEEK_LTM","Q3.Likert.scale",11,NA,4,NA,NA,NA,NA,NA,NA
NA,"HMA_EMA_DEEPSEEK_LTM","Q3.Likert.scale",11,NA,4,NA,NA,NA,NA,NA,NA
NA,"HMA_EMA_DEEPSEEK_LTM","Q3.Likert.scale",11,NA,4,NA,NA,NA,NA,NA,NA
NA,"HMA_EMA_DEEPSEEK_LTM","Q3.Likert.scale",11,NA,4,NA,NA,NA,NA,NA,NA
NA,"HMA_EMA_DEEPSEEK_LTM","Q4.Likert.scale",15,NA,NA,5,NA,NA,NA,NA,NA
NA,"HMA_EMA_DEEPSEEK_LTM","Q4.Likert.scale",15,NA,NA,NA,NA,NA,NA,NA,NA
NA,"HMA_EMA_DEEPSEEK_LTM","Q4.Likert.scale",15,NA,NA,NA,NA,NA,NA,NA,NA
NA,"HMA_EMA_DEEPSEEK_LTM","Q4.Likert.scale",15,NA,NA,NA,NA,NA,NA,NA,NA
NA,"HMA_EMA_DEEPSEEK_LTM","Q4.Likert.scale",15,NA,NA,NA,NA,NA,NA,NA,NA
NA,"HMA_EMA_DEEPSEEK_LTM","Q4.Likert.scale",15,NA,NA,5,NA,NA,NA,NA,NA
NA,"HMA_EMA_DEEPSEEK_LTM","Q4.Likert.scale",15,NA,NA,NA,NA,NA,NA,NA,NA
NA,"HMA_EMA_DEEPSEEK_LTM","Q4.Likert.scale",15,NA,NA,NA,NA,NA,NA,NA,NA
NA,"HMA_EMA_DEEPSEEK_LTM","Q4.Likert.scale",15,NA,NA,NA,NA,NA,NA,NA,NA
NA,"HMA_EMA_DEEPSEEK_LTM","Q4.Likert.scale",15,NA,NA,NA,NA,NA,NA,NA,NA
NA,"HMA_EMA_DEEPSEEK_LTM","Q4.Likert.scale",15,NA,NA,NA,NA,NA,NA,NA,NA
NA,"HMA_EMA_DEEPSEEK_LTM","Q4.Likert.scale",15,NA,NA,5,NA,NA,NA,NA,NA
NA,"HMA_EMA_DEEPSEEK_LTM","Q4.Likert.scale",15,NA,NA,NA,NA,NA,NA,NA,NA
NA,"HMA_EMA_DEEPSEEK_LTM","Q4.Likert.scale",15,NA,NA,NA,NA,NA,NA,NA,NA
NA,"HMA_EMA_DEEPSEEK_LTM","Q4.Likert.scale",15,NA,NA,NA,NA,NA,NA,NA,NA
NA,"HMA_EMA_DEEPSEEK_LTM","Q5.Likert.scale",19,NA,NA,NA,5,NA,NA,NA,NA
NA,"HMA_EMA_DEEPSEEK_LTM","Q5.Likert.scale",19,NA,NA,NA,5,NA,NA,NA,NA
NA,"HMA_EMA_DEEPSEEK_LTM","Q5.Likert.scale",19,NA,NA,NA,NA,NA,NA,NA,NA
NA,"HMA_EMA_DEEPSEEK_LTM","Q5.Likert.scale",19,NA,NA,NA,5,NA,NA,NA,NA
NA,"HMA_EMA_DEEPSEEK_LTM","Q5.Likert.scale",19,NA,NA,NA,5,NA,NA,NA,NA
NA,"HMA_EMA_DEEPSEEK_LTM","Q5.Likert.scale",19,NA,NA,NA,5,NA,NA,NA,NA
NA,"HMA_EMA_DEEPSEEK_LTM","Q5.Likert.scale",19,NA,NA,NA,5,NA,NA,NA,NA
NA,"HMA_EMA_DEEPSEEK_LTM","Q5.Likert.scale",19,NA,NA,NA,NA,NA,NA,NA,NA
NA,"HMA_EMA_DEEPSEEK_LTM","Q5.Likert.scale",19,NA,NA,NA,5,NA,NA,NA,NA
NA,"HMA_EMA_DEEPSEEK_LTM","Q5.Likert.scale",19,NA,NA,NA,5,NA,NA,NA,NA
NA,"HMA_EMA_DEEPSEEK_LTM","Q5.Likert.scale",19,NA,NA,NA,NA,NA,NA,NA,NA
NA,"HMA_EMA_DEEPSEEK_LTM","Q5.Likert.scale",19,NA,NA,NA,NA,NA,NA,NA,NA
NA,"HMA_EMA_DEEPSEEK_LTM","Q5.Likert.scale",19,NA,NA,NA,NA,NA,NA,NA,NA
NA,"HMA_EMA_DEEPSEEK_LTM","Q5.Likert.scale",19,NA,NA,NA,NA,NA,NA,NA,NA
NA,"HMA_EMA_DEEPSEEK_LTM","Q5.Likert.scale",19,NA,NA,NA,5,NA,NA,NA,NA
NA,"HMA_EMA_DEEPSEEK_LTM","Q6.Likert.scale",23,NA,NA,NA,NA,5,NA,NA,NA
NA,"HMA_EMA_DEEPSEEK_LTM","Q6.Likert.scale",23,NA,NA,NA,NA,5,NA,NA,NA
NA,"HMA_EMA_DEEPSEEK_LTM","Q6.Likert.scale",23,NA,NA,NA,NA,5,NA,NA,NA
NA,"HMA_EMA_DEEPSEEK_LTM","Q6.Likert.scale",23,NA,NA,NA,NA,NA,NA,NA,NA
NA,"HMA_EMA_DEEPSEEK_LTM","Q6.Likert.scale",23,NA,NA,NA,NA,5,NA,NA,NA
NA,"HMA_EMA_DEEPSEEK_LTM","Q6.Likert.scale",23,NA,NA,NA,NA,5,NA,NA,NA
NA,"HMA_EMA_DEEPSEEK_LTM","Q6.Likert.scale",23,NA,NA,NA,NA,5,NA,NA,NA
NA,"HMA_EMA_DEEPSEEK_LTM","Q6.Likert.scale",23,NA,NA,NA,NA,5,NA,NA,NA
NA,"HMA_EMA_DEEPSEEK_LTM","Q6.Likert.scale",23,NA,NA,NA,NA,5,NA,NA,NA
NA,"HMA_EMA_DEEPSEEK_LTM","Q6.Likert.scale",23,NA,NA,NA,NA,5,NA,NA,NA
NA,"HMA_EMA_DEEPSEEK_LTM","Q6.Likert.scale",23,NA,NA,NA,NA,5,NA,NA,NA
NA,"HMA_EMA_DEEPSEEK_LTM","Q6.Likert.scale",23,NA,NA,NA,NA,5,NA,NA,NA
NA,"HMA_EMA_DEEPSEEK_LTM","Q6.Likert.scale",23,NA,NA,NA,NA,5,NA,NA,NA
NA,"HMA_EMA_DEEPSEEK_LTM","Q6.Likert.scale",23,NA,NA,NA,NA,5,NA,NA,NA
NA,"HMA_EMA_DEEPSEEK_LTM","Q6.Likert.scale",23,NA,NA,NA,NA,5,NA,NA,NA
NA,"HMA_EMA_DEEPSEEK_LTM","Q7.Likert.scale",27,NA,NA,NA,NA,NA,5,NA,NA
NA,"HMA_EMA_DEEPSEEK_LTM","Q7.Likert.scale",27,NA,NA,NA,NA,NA,4,NA,NA
NA,"HMA_EMA_DEEPSEEK_LTM","Q7.Likert.scale",27,NA,NA,NA,NA,NA,4,NA,NA
NA,"HMA_EMA_DEEPSEEK_LTM","Q7.Likert.scale",27,NA,NA,NA,NA,NA,5,NA,NA
NA,"HMA_EMA_DEEPSEEK_LTM","Q7.Likert.scale",27,NA,NA,NA,NA,NA,5,NA,NA
NA,"HMA_EMA_DEEPSEEK_LTM","Q7.Likert.scale",27,NA,NA,NA,NA,NA,NA,NA,NA
NA,"HMA_EMA_DEEPSEEK_LTM","Q7.Likert.scale",27,NA,NA,NA,NA,NA,4,NA,NA
NA,"HMA_EMA_DEEPSEEK_LTM","Q7.Likert.scale",27,NA,NA,NA,NA,NA,5,NA,NA
NA,"HMA_EMA_DEEPSEEK_LTM","Q7.Likert.scale",27,NA,NA,NA,NA,NA,4,NA,NA
NA,"HMA_EMA_DEEPSEEK_LTM","Q7.Likert.scale",27,NA,NA,NA,NA,NA,5,NA,NA
NA,"HMA_EMA_DEEPSEEK_LTM","Q7.Likert.scale",27,NA,NA,NA,NA,NA,5,NA,NA
NA,"HMA_EMA_DEEPSEEK_LTM","Q7.Likert.scale",27,NA,NA,NA,NA,NA,4,NA,NA
NA,"HMA_EMA_DEEPSEEK_LTM","Q7.Likert.scale",27,NA,NA,NA,NA,NA,5,NA,NA
NA,"HMA_EMA_DEEPSEEK_LTM","Q7.Likert.scale",27,NA,NA,NA,NA,NA,5,NA,NA
NA,"HMA_EMA_DEEPSEEK_LTM","Q7.Likert.scale",27,NA,NA,NA,NA,NA,4,NA,NA
NA,"HMA_EMA_DEEPSEEK_LTM","Q8.Likert.scale",31,NA,NA,NA,NA,NA,NA,5,NA
NA,"HMA_EMA_DEEPSEEK_LTM","Q8.Likert.scale",31,NA,NA,NA,NA,NA,NA,5,NA
NA,"HMA_EMA_DEEPSEEK_LTM","Q8.Likert.scale",31,NA,NA,NA,NA,NA,NA,5,NA
NA,"HMA_EMA_DEEPSEEK_LTM","Q8.Likert.scale",31,NA,NA,NA,NA,NA,NA,5,NA
NA,"HMA_EMA_DEEPSEEK_LTM","Q8.Likert.scale",31,NA,NA,NA,NA,NA,NA,5,NA
NA,"HMA_EMA_DEEPSEEK_LTM","Q8.Likert.scale",31,NA,NA,NA,NA,NA,NA,5,NA
NA,"HMA_EMA_DEEPSEEK_LTM","Q8.Likert.scale",31,NA,NA,NA,NA,NA,NA,5,NA
NA,"HMA_EMA_DEEPSEEK_LTM","Q8.Likert.scale",31,NA,NA,NA,NA,NA,NA,5,NA
NA,"HMA_EMA_DEEPSEEK_LTM","Q8.Likert.scale",31,NA,NA,NA,NA,NA,NA,5,NA
NA,"HMA_EMA_DEEPSEEK_LTM","Q8.Likert.scale",31,NA,NA,NA,NA,NA,NA,5,NA
NA,"HMA_EMA_DEEPSEEK_LTM","Q8.Likert.scale",31,NA,NA,NA,NA,NA,NA,4,NA
NA,"HMA_EMA_DEEPSEEK_LTM","Q8.Likert.scale",31,NA,NA,NA,NA,NA,NA,5,NA
NA,"HMA_EMA_DEEPSEEK_LTM","Q8.Likert.scale",31,NA,NA,NA,NA,NA,NA,5,NA
NA,"HMA_EMA_DEEPSEEK_LTM","Q8.Likert.scale",31,NA,NA,NA,NA,NA,NA,5,NA
NA,"HMA_EMA_DEEPSEEK_LTM","Q8.Likert.scale",31,NA,NA,NA,NA,NA,NA,5,NA
NA,"HMA_EMA_DEEPSEEK_LTM","Q9.Likert.scale",35,NA,NA,NA,NA,NA,NA,NA,5
NA,"HMA_EMA_DEEPSEEK_LTM","Q9.Likert.scale",35,NA,NA,NA,NA,NA,NA,NA,NA
NA,"HMA_EMA_DEEPSEEK_LTM","Q9.Likert.scale",35,NA,NA,NA,NA,NA,NA,NA,NA
NA,"HMA_EMA_DEEPSEEK_LTM","Q9.Likert.scale",35,NA,NA,NA,NA,NA,NA,NA,NA
NA,"HMA_EMA_DEEPSEEK_LTM","Q9.Likert.scale",35,NA,NA,NA,NA,NA,NA,NA,NA
NA,"HMA_EMA_DEEPSEEK_LTM","Q9.Likert.scale",35,NA,NA,NA,NA,NA,NA,NA,NA
NA,"HMA_EMA_DEEPSEEK_LTM","Q9.Likert.scale",35,NA,NA,NA,NA,NA,NA,NA,NA
NA,"HMA_EMA_DEEPSEEK_LTM","Q9.Likert.scale",35,NA,NA,NA,NA,NA,NA,NA,NA
NA,"HMA_EMA_DEEPSEEK_LTM","Q9.Likert.scale",35,NA,NA,NA,NA,NA,NA,NA,NA
NA,"HMA_EMA_DEEPSEEK_LTM","Q9.Likert.scale",35,NA,NA,NA,NA,NA,NA,NA,NA
NA,"HMA_EMA_DEEPSEEK_LTM","Q9.Likert.scale",35,NA,NA,NA,NA,NA,NA,NA,NA
NA,"HMA_EMA_DEEPSEEK_LTM","Q9.Likert.scale",35,NA,NA,NA,NA,NA,NA,NA,NA
NA,"HMA_EMA_DEEPSEEK_LTM","Q9.Likert.scale",35,NA,NA,NA,NA,NA,NA,NA,NA
NA,"HMA_EMA_DEEPSEEK_LTM","Q9.Likert.scale",35,NA,NA,NA,NA,NA,NA,NA,NA
NA,"HMA_EMA_DEEPSEEK_LTM","Q9.Likert.scale",35,NA,NA,NA,NA,NA,NA,NA,NA
5,"HMA_EMA_GPT_ACT","Q1.Likert.scale",3,NA,NA,NA,NA,NA,NA,NA,NA
5,"HMA_EMA_GPT_ACT","Q1.Likert.scale",3,NA,NA,NA,NA,NA,NA,NA,NA
5,"HMA_EMA_GPT_ACT","Q1.Likert.scale",3,NA,NA,NA,NA,NA,NA,NA,NA
5,"HMA_EMA_GPT_ACT","Q1.Likert.scale",3,NA,NA,NA,NA,NA,NA,NA,NA
5,"HMA_EMA_GPT_ACT","Q1.Likert.scale",3,NA,NA,NA,NA,NA,NA,NA,NA
5,"HMA_EMA_GPT_ACT","Q1.Likert.scale",3,NA,NA,NA,NA,NA,NA,NA,NA
5,"HMA_EMA_GPT_ACT","Q1.Likert.scale",3,NA,NA,NA,NA,NA,NA,NA,NA
5,"HMA_EMA_GPT_ACT","Q1.Likert.scale",3,NA,NA,NA,NA,NA,NA,NA,NA
5,"HMA_EMA_GPT_ACT","Q1.Likert.scale",3,NA,NA,NA,NA,NA,NA,NA,NA
5,"HMA_EMA_GPT_ACT","Q1.Likert.scale",3,NA,NA,NA,NA,NA,NA,NA,NA
5,"HMA_EMA_GPT_ACT","Q1.Likert.scale",3,NA,NA,NA,NA,NA,NA,NA,NA
5,"HMA_EMA_GPT_ACT","Q1.Likert.scale",3,NA,NA,NA,NA,NA,NA,NA,NA
5,"HMA_EMA_GPT_ACT","Q1.Likert.scale",3,NA,NA,NA,NA,NA,NA,NA,NA
5,"HMA_EMA_GPT_ACT","Q1.Likert.scale",3,NA,NA,NA,NA,NA,NA,NA,NA
5,"HMA_EMA_GPT_ACT","Q1.Likert.scale",3,NA,NA,NA,NA,NA,NA,NA,NA
NA,"HMA_EMA_GPT_ACT","Q2.Likert.scale",7,4,NA,NA,NA,NA,NA,NA,NA
NA,"HMA_EMA_GPT_ACT","Q2.Likert.scale",7,3,NA,NA,NA,NA,NA,NA,NA
NA,"HMA_EMA_GPT_ACT","Q2.Likert.scale",7,5,NA,NA,NA,NA,NA,NA,NA
NA,"HMA_EMA_GPT_ACT","Q2.Likert.scale",7,4,NA,NA,NA,NA,NA,NA,NA
NA,"HMA_EMA_GPT_ACT","Q2.Likert.scale",7,5,NA,NA,NA,NA,NA,NA,NA
NA,"HMA_EMA_GPT_ACT","Q2.Likert.scale",7,4,NA,NA,NA,NA,NA,NA,NA
NA,"HMA_EMA_GPT_ACT","Q2.Likert.scale",7,5,NA,NA,NA,NA,NA,NA,NA
NA,"HMA_EMA_GPT_ACT","Q2.Likert.scale",7,5,NA,NA,NA,NA,NA,NA,NA
NA,"HMA_EMA_GPT_ACT","Q2.Likert.scale",7,5,NA,NA,NA,NA,NA,NA,NA
NA,"HMA_EMA_GPT_ACT","Q2.Likert.scale",7,5,NA,NA,NA,NA,NA,NA,NA
NA,"HMA_EMA_GPT_ACT","Q2.Likert.scale",7,5,NA,NA,NA,NA,NA,NA,NA
NA,"HMA_EMA_GPT_ACT","Q2.Likert.scale",7,5,NA,NA,NA,NA,NA,NA,NA
NA,"HMA_EMA_GPT_ACT","Q2.Likert.scale",7,5,NA,NA,NA,NA,NA,NA,NA
NA,"HMA_EMA_GPT_ACT","Q2.Likert.scale",7,4,NA,NA,NA,NA,NA,NA,NA
NA,"HMA_EMA_GPT_ACT","Q2.Likert.scale",7,4,NA,NA,NA,NA,NA,NA,NA
NA,"HMA_EMA_GPT_ACT","Q3.Likert.scale",11,NA,4,NA,NA,NA,NA,NA,NA
NA,"HMA_EMA_GPT_ACT","Q3.Likert.scale",11,NA,5,NA,NA,NA,NA,NA,NA
NA,"HMA_EMA_GPT_ACT","Q3.Likert.scale",11,NA,5,NA,NA,NA,NA,NA,NA
NA,"HMA_EMA_GPT_ACT","Q3.Likert.scale",11,NA,5,NA,NA,NA,NA,NA,NA
NA,"HMA_EMA_GPT_ACT","Q3.Likert.scale",11,NA,2,NA,NA,NA,NA,NA,NA
NA,"HMA_EMA_GPT_ACT","Q3.Likert.scale",11,NA,4,NA,NA,NA,NA,NA,NA
NA,"HMA_EMA_GPT_ACT","Q3.Likert.scale",11,NA,4,NA,NA,NA,NA,NA,NA
NA,"HMA_EMA_GPT_ACT","Q3.Likert.scale",11,NA,4,NA,NA,NA,NA,NA,NA
NA,"HMA_EMA_GPT_ACT","Q3.Likert.scale",11,NA,4,NA,NA,NA,NA,NA,NA
NA,"HMA_EMA_GPT_ACT","Q3.Likert.scale",11,NA,4,NA,NA,NA,NA,NA,NA
NA,"HMA_EMA_GPT_ACT","Q3.Likert.scale",11,NA,5,NA,NA,NA,NA,NA,NA
NA,"HMA_EMA_GPT_ACT","Q3.Likert.scale",11,NA,5,NA,NA,NA,NA,NA,NA
NA,"HMA_EMA_GPT_ACT","Q3.Likert.scale",11,NA,4,NA,NA,NA,NA,NA,NA
NA,"HMA_EMA_GPT_ACT","Q3.Likert.scale",11,NA,4,NA,NA,NA,NA,NA,NA
NA,"HMA_EMA_GPT_ACT","Q3.Likert.scale",11,NA,4,NA,NA,NA,NA,NA,NA
NA,"HMA_EMA_GPT_ACT","Q4.Likert.scale",15,NA,NA,5,NA,NA,NA,NA,NA
NA,"HMA_EMA_GPT_ACT","Q4.Likert.scale",15,NA,NA,NA,NA,NA,NA,NA,NA
NA,"HMA_EMA_GPT_ACT","Q4.Likert.scale",15,NA,NA,NA,NA,NA,NA,NA,NA
NA,"HMA_EMA_GPT_ACT","Q4.Likert.scale",15,NA,NA,NA,NA,NA,NA,NA,NA
NA,"HMA_EMA_GPT_ACT","Q4.Likert.scale",15,NA,NA,NA,NA,NA,NA,NA,NA
NA,"HMA_EMA_GPT_ACT","Q4.Likert.scale",15,NA,NA,5,NA,NA,NA,NA,NA
NA,"HMA_EMA_GPT_ACT","Q4.Likert.scale",15,NA,NA,NA,NA,NA,NA,NA,NA
NA,"HMA_EMA_GPT_ACT","Q4.Likert.scale",15,NA,NA,NA,NA,NA,NA,NA,NA
NA,"HMA_EMA_GPT_ACT","Q4.Likert.scale",15,NA,NA,NA,NA,NA,NA,NA,NA
NA,"HMA_EMA_GPT_ACT","Q4.Likert.scale",15,NA,NA,NA,NA,NA,NA,NA,NA
NA,"HMA_EMA_GPT_ACT","Q4.Likert.scale",15,NA,NA,NA,NA,NA,NA,NA,NA
NA,"HMA_EMA_GPT_ACT","Q4.Likert.scale",15,NA,NA,4,NA,NA,NA,NA,NA
NA,"HMA_EMA_GPT_ACT","Q4.Likert.scale",15,NA,NA,NA,NA,NA,NA,NA,NA
NA,"HMA_EMA_GPT_ACT","Q4.Likert.scale",15,NA,NA,NA,NA,NA,NA,NA,NA
NA,"HMA_EMA_GPT_ACT","Q4.Likert.scale",15,NA,NA,NA,NA,NA,NA,NA,NA
NA,"HMA_EMA_GPT_ACT","Q5.Likert.scale",19,NA,NA,NA,4,NA,NA,NA,NA
NA,"HMA_EMA_GPT_ACT","Q5.Likert.scale",19,NA,NA,NA,3,NA,NA,NA,NA
NA,"HMA_EMA_GPT_ACT","Q5.Likert.scale",19,NA,NA,NA,NA,NA,NA,NA,NA
NA,"HMA_EMA_GPT_ACT","Q5.Likert.scale",19,NA,NA,NA,5,NA,NA,NA,NA
NA,"HMA_EMA_GPT_ACT","Q5.Likert.scale",19,NA,NA,NA,5,NA,NA,NA,NA
NA,"HMA_EMA_GPT_ACT","Q5.Likert.scale",19,NA,NA,NA,5,NA,NA,NA,NA
NA,"HMA_EMA_GPT_ACT","Q5.Likert.scale",19,NA,NA,NA,5,NA,NA,NA,NA
NA,"HMA_EMA_GPT_ACT","Q5.Likert.scale",19,NA,NA,NA,NA,NA,NA,NA,NA
NA,"HMA_EMA_GPT_ACT","Q5.Likert.scale",19,NA,NA,NA,5,NA,NA,NA,NA
NA,"HMA_EMA_GPT_ACT","Q5.Likert.scale",19,NA,NA,NA,5,NA,NA,NA,NA
NA,"HMA_EMA_GPT_ACT","Q5.Likert.scale",19,NA,NA,NA,NA,NA,NA,NA,NA
NA,"HMA_EMA_GPT_ACT","Q5.Likert.scale",19,NA,NA,NA,NA,NA,NA,NA,NA
NA,"HMA_EMA_GPT_ACT","Q5.Likert.scale",19,NA,NA,NA,NA,NA,NA,NA,NA
NA,"HMA_EMA_GPT_ACT","Q5.Likert.scale",19,NA,NA,NA,NA,NA,NA,NA,NA
NA,"HMA_EMA_GPT_ACT","Q5.Likert.scale",19,NA,NA,NA,5,NA,NA,NA,NA
NA,"HMA_EMA_GPT_ACT","Q6.Likert.scale",23,NA,NA,NA,NA,5,NA,NA,NA
NA,"HMA_EMA_GPT_ACT","Q6.Likert.scale",23,NA,NA,NA,NA,4,NA,NA,NA
NA,"HMA_EMA_GPT_ACT","Q6.Likert.scale",23,NA,NA,NA,NA,5,NA,NA,NA
NA,"HMA_EMA_GPT_ACT","Q6.Likert.scale",23,NA,NA,NA,NA,NA,NA,NA,NA
NA,"HMA_EMA_GPT_ACT","Q6.Likert.scale",23,NA,NA,NA,NA,5,NA,NA,NA
NA,"HMA_EMA_GPT_ACT","Q6.Likert.scale",23,NA,NA,NA,NA,5,NA,NA,NA
NA,"HMA_EMA_GPT_ACT","Q6.Likert.scale",23,NA,NA,NA,NA,5,NA,NA,NA
NA,"HMA_EMA_GPT_ACT","Q6.Likert.scale",23,NA,NA,NA,NA,5,NA,NA,NA
NA,"HMA_EMA_GPT_ACT","Q6.Likert.scale",23,NA,NA,NA,NA,5,NA,NA,NA
NA,"HMA_EMA_GPT_ACT","Q6.Likert.scale",23,NA,NA,NA,NA,5,NA,NA,NA
NA,"HMA_EMA_GPT_ACT","Q6.Likert.scale",23,NA,NA,NA,NA,5,NA,NA,NA
NA,"HMA_EMA_GPT_ACT","Q6.Likert.scale",23,NA,NA,NA,NA,5,NA,NA,NA
NA,"HMA_EMA_GPT_ACT","Q6.Likert.scale",23,NA,NA,NA,NA,5,NA,NA,NA
NA,"HMA_EMA_GPT_ACT","Q6.Likert.scale",23,NA,NA,NA,NA,5,NA,NA,NA
NA,"HMA_EMA_GPT_ACT","Q6.Likert.scale",23,NA,NA,NA,NA,3,NA,NA,NA
NA,"HMA_EMA_GPT_ACT","Q7.Likert.scale",27,NA,NA,NA,NA,NA,5,NA,NA
NA,"HMA_EMA_GPT_ACT","Q7.Likert.scale",27,NA,NA,NA,NA,NA,3,NA,NA
NA,"HMA_EMA_GPT_ACT","Q7.Likert.scale",27,NA,NA,NA,NA,NA,4,NA,NA
NA,"HMA_EMA_GPT_ACT","Q7.Likert.scale",27,NA,NA,NA,NA,NA,4,NA,NA
NA,"HMA_EMA_GPT_ACT","Q7.Likert.scale",27,NA,NA,NA,NA,NA,4,NA,NA
NA,"HMA_EMA_GPT_ACT","Q7.Likert.scale",27,NA,NA,NA,NA,NA,NA,NA,NA
NA,"HMA_EMA_GPT_ACT","Q7.Likert.scale",27,NA,NA,NA,NA,NA,5,NA,NA
NA,"HMA_EMA_GPT_ACT","Q7.Likert.scale",27,NA,NA,NA,NA,NA,5,NA,NA
NA,"HMA_EMA_GPT_ACT","Q7.Likert.scale",27,NA,NA,NA,NA,NA,5,NA,NA
NA,"HMA_EMA_GPT_ACT","Q7.Likert.scale",27,NA,NA,NA,NA,NA,5,NA,NA
NA,"HMA_EMA_GPT_ACT","Q7.Likert.scale",27,NA,NA,NA,NA,NA,5,NA,NA
NA,"HMA_EMA_GPT_ACT","Q7.Likert.scale",27,NA,NA,NA,NA,NA,5,NA,NA
NA,"HMA_EMA_GPT_ACT","Q7.Likert.scale",27,NA,NA,NA,NA,NA,5,NA,NA
NA,"HMA_EMA_GPT_ACT","Q7.Likert.scale",27,NA,NA,NA,NA,NA,5,NA,NA
NA,"HMA_EMA_GPT_ACT","Q7.Likert.scale",27,NA,NA,NA,NA,NA,5,NA,NA
NA,"HMA_EMA_GPT_ACT","Q8.Likert.scale",31,NA,NA,NA,NA,NA,NA,5,NA
NA,"HMA_EMA_GPT_ACT","Q8.Likert.scale",31,NA,NA,NA,NA,NA,NA,5,NA
NA,"HMA_EMA_GPT_ACT","Q8.Likert.scale",31,NA,NA,NA,NA,NA,NA,5,NA
NA,"HMA_EMA_GPT_ACT","Q8.Likert.scale",31,NA,NA,NA,NA,NA,NA,5,NA
NA,"HMA_EMA_GPT_ACT","Q8.Likert.scale",31,NA,NA,NA,NA,NA,NA,5,NA
NA,"HMA_EMA_GPT_ACT","Q8.Likert.scale",31,NA,NA,NA,NA,NA,NA,5,NA
NA,"HMA_EMA_GPT_ACT","Q8.Likert.scale",31,NA,NA,NA,NA,NA,NA,5,NA
NA,"HMA_EMA_GPT_ACT","Q8.Likert.scale",31,NA,NA,NA,NA,NA,NA,5,NA
NA,"HMA_EMA_GPT_ACT","Q8.Likert.scale",31,NA,NA,NA,NA,NA,NA,5,NA
NA,"HMA_EMA_GPT_ACT","Q8.Likert.scale",31,NA,NA,NA,NA,NA,NA,4,NA
NA,"HMA_EMA_GPT_ACT","Q8.Likert.scale",31,NA,NA,NA,NA,NA,NA,4,NA
NA,"HMA_EMA_GPT_ACT","Q8.Likert.scale",31,NA,NA,NA,NA,NA,NA,5,NA
NA,"HMA_EMA_GPT_ACT","Q8.Likert.scale",31,NA,NA,NA,NA,NA,NA,5,NA
NA,"HMA_EMA_GPT_ACT","Q8.Likert.scale",31,NA,NA,NA,NA,NA,NA,5,NA
NA,"HMA_EMA_GPT_ACT","Q8.Likert.scale",31,NA,NA,NA,NA,NA,NA,4,NA
NA,"HMA_EMA_GPT_ACT","Q9.Likert.scale",35,NA,NA,NA,NA,NA,NA,NA,5
NA,"HMA_EMA_GPT_ACT","Q9.Likert.scale",35,NA,NA,NA,NA,NA,NA,NA,NA
NA,"HMA_EMA_GPT_ACT","Q9.Likert.scale",35,NA,NA,NA,NA,NA,NA,NA,NA
NA,"HMA_EMA_GPT_ACT","Q9.Likert.scale",35,NA,NA,NA,NA,NA,NA,NA,NA
NA,"HMA_EMA_GPT_ACT","Q9.Likert.scale",35,NA,NA,NA,NA,NA,NA,NA,NA
NA,"HMA_EMA_GPT_ACT","Q9.Likert.scale",35,NA,NA,NA,NA,NA,NA,NA,NA
NA,"HMA_EMA_GPT_ACT","Q9.Likert.scale",35,NA,NA,NA,NA,NA,NA,NA,NA
NA,"HMA_EMA_GPT_ACT","Q9.Likert.scale",35,NA,NA,NA,NA,NA,NA,NA,NA
NA,"HMA_EMA_GPT_ACT","Q9.Likert.scale",35,NA,NA,NA,NA,NA,NA,NA,NA
NA,"HMA_EMA_GPT_ACT","Q9.Likert.scale",35,NA,NA,NA,NA,NA,NA,NA,NA
NA,"HMA_EMA_GPT_ACT","Q9.Likert.scale",35,NA,NA,NA,NA,NA,NA,NA,NA
NA,"HMA_EMA_GPT_ACT","Q9.Likert.scale",35,NA,NA,NA,NA,NA,NA,NA,NA
NA,"HMA_EMA_GPT_ACT","Q9.Likert.scale",35,NA,NA,NA,NA,NA,NA,NA,NA
NA,"HMA_EMA_GPT_ACT","Q9.Likert.scale",35,NA,NA,NA,NA,NA,NA,NA,NA
NA,"HMA_EMA_GPT_ACT","Q9.Likert.scale",35,NA,NA,NA,NA,NA,NA,NA,NA
NA,"HMA_EMA_GPT_LTM","Q1.Likert.scale",3,NA,NA,NA,NA,NA,NA,NA,NA
5,"HMA_EMA_GPT_LTM","Q1.Likert.scale",3,NA,NA,NA,NA,NA,NA,NA,NA
5,"HMA_EMA_GPT_LTM","Q1.Likert.scale",3,NA,NA,NA,NA,NA,NA,NA,NA
3,"HMA_EMA_GPT_LTM","Q1.Likert.scale",3,NA,NA,NA,NA,NA,NA,NA,NA
3,"HMA_EMA_GPT_LTM","Q1.Likert.scale",3,NA,NA,NA,NA,NA,NA,NA,NA
5,"HMA_EMA_GPT_LTM","Q1.Likert.scale",3,NA,NA,NA,NA,NA,NA,NA,NA
5,"HMA_EMA_GPT_LTM","Q1.Likert.scale",3,NA,NA,NA,NA,NA,NA,NA,NA
5,"HMA_EMA_GPT_LTM","Q1.Likert.scale",3,NA,NA,NA,NA,NA,NA,NA,NA
5,"HMA_EMA_GPT_LTM","Q1.Likert.scale",3,NA,NA,NA,NA,NA,NA,NA,NA
5,"HMA_EMA_GPT_LTM","Q1.Likert.scale",3,NA,NA,NA,NA,NA,NA,NA,NA
5,"HMA_EMA_GPT_LTM","Q1.Likert.scale",3,NA,NA,NA,NA,NA,NA,NA,NA
5,"HMA_EMA_GPT_LTM","Q1.Likert.scale",3,NA,NA,NA,NA,NA,NA,NA,NA
5,"HMA_EMA_GPT_LTM","Q1.Likert.scale",3,NA,NA,NA,NA,NA,NA,NA,NA
5,"HMA_EMA_GPT_LTM","Q1.Likert.scale",3,NA,NA,NA,NA,NA,NA,NA,NA
5,"HMA_EMA_GPT_LTM","Q1.Likert.scale",3,NA,NA,NA,NA,NA,NA,NA,NA
NA,"HMA_EMA_GPT_LTM","Q2.Likert.scale",7,NA,NA,NA,NA,NA,NA,NA,NA
NA,"HMA_EMA_GPT_LTM","Q2.Likert.scale",7,5,NA,NA,NA,NA,NA,NA,NA
NA,"HMA_EMA_GPT_LTM","Q2.Likert.scale",7,5,NA,NA,NA,NA,NA,NA,NA
NA,"HMA_EMA_GPT_LTM","Q2.Likert.scale",7,5,NA,NA,NA,NA,NA,NA,NA
NA,"HMA_EMA_GPT_LTM","Q2.Likert.scale",7,5,NA,NA,NA,NA,NA,NA,NA
NA,"HMA_EMA_GPT_LTM","Q2.Likert.scale",7,5,NA,NA,NA,NA,NA,NA,NA
NA,"HMA_EMA_GPT_LTM","Q2.Likert.scale",7,5,NA,NA,NA,NA,NA,NA,NA
NA,"HMA_EMA_GPT_LTM","Q2.Likert.scale",7,5,NA,NA,NA,NA,NA,NA,NA
NA,"HMA_EMA_GPT_LTM","Q2.Likert.scale",7,5,NA,NA,NA,NA,NA,NA,NA
NA,"HMA_EMA_GPT_LTM","Q2.Likert.scale",7,5,NA,NA,NA,NA,NA,NA,NA
NA,"HMA_EMA_GPT_LTM","Q2.Likert.scale",7,3,NA,NA,NA,NA,NA,NA,NA
NA,"HMA_EMA_GPT_LTM","Q2.Likert.scale",7,4,NA,NA,NA,NA,NA,NA,NA
NA,"HMA_EMA_GPT_LTM","Q2.Likert.scale",7,5,NA,NA,NA,NA,NA,NA,NA
NA,"HMA_EMA_GPT_LTM","Q2.Likert.scale",7,5,NA,NA,NA,NA,NA,NA,NA
NA,"HMA_EMA_GPT_LTM","Q2.Likert.scale",7,5,NA,NA,NA,NA,NA,NA,NA
NA,"HMA_EMA_GPT_LTM","Q3.Likert.scale",11,NA,NA,NA,NA,NA,NA,NA,NA
NA,"HMA_EMA_GPT_LTM","Q3.Likert.scale",11,NA,5,NA,NA,NA,NA,NA,NA
NA,"HMA_EMA_GPT_LTM","Q3.Likert.scale",11,NA,5,NA,NA,NA,NA,NA,NA
NA,"HMA_EMA_GPT_LTM","Q3.Likert.scale",11,NA,5,NA,NA,NA,NA,NA,NA
NA,"HMA_EMA_GPT_LTM","Q3.Likert.scale",11,NA,2,NA,NA,NA,NA,NA,NA
NA,"HMA_EMA_GPT_LTM","Q3.Likert.scale",11,NA,4,NA,NA,NA,NA,NA,NA
NA,"HMA_EMA_GPT_LTM","Q3.Likert.scale",11,NA,4,NA,NA,NA,NA,NA,NA
NA,"HMA_EMA_GPT_LTM","Q3.Likert.scale",11,NA,5,NA,NA,NA,NA,NA,NA
NA,"HMA_EMA_GPT_LTM","Q3.Likert.scale",11,NA,4,NA,NA,NA,NA,NA,NA
NA,"HMA_EMA_GPT_LTM","Q3.Likert.scale",11,NA,3,NA,NA,NA,NA,NA,NA
NA,"HMA_EMA_GPT_LTM","Q3.Likert.scale",11,NA,3,NA,NA,NA,NA,NA,NA
NA,"HMA_EMA_GPT_LTM","Q3.Likert.scale",11,NA,4,NA,NA,NA,NA,NA,NA
NA,"HMA_EMA_GPT_LTM","Q3.Likert.scale",11,NA,4,NA,NA,NA,NA,NA,NA
NA,"HMA_EMA_GPT_LTM","Q3.Likert.scale",11,NA,4,NA,NA,NA,NA,NA,NA
NA,"HMA_EMA_GPT_LTM","Q3.Likert.scale",11,NA,4,NA,NA,NA,NA,NA,NA
NA,"HMA_EMA_GPT_LTM","Q4.Likert.scale",15,NA,NA,NA,NA,NA,NA,NA,NA
NA,"HMA_EMA_GPT_LTM","Q4.Likert.scale",15,NA,NA,NA,NA,NA,NA,NA,NA
NA,"HMA_EMA_GPT_LTM","Q4.Likert.scale",15,NA,NA,NA,NA,NA,NA,NA,NA
NA,"HMA_EMA_GPT_LTM","Q4.Likert.scale",15,NA,NA,NA,NA,NA,NA,NA,NA
NA,"HMA_EMA_GPT_LTM","Q4.Likert.scale",15,NA,NA,NA,NA,NA,NA,NA,NA
NA,"HMA_EMA_GPT_LTM","Q4.Likert.scale",15,NA,NA,5,NA,NA,NA,NA,NA
NA,"HMA_EMA_GPT_LTM","Q4.Likert.scale",15,NA,NA,NA,NA,NA,NA,NA,NA
NA,"HMA_EMA_GPT_LTM","Q4.Likert.scale",15,NA,NA,NA,NA,NA,NA,NA,NA
NA,"HMA_EMA_GPT_LTM","Q4.Likert.scale",15,NA,NA,NA,NA,NA,NA,NA,NA
NA,"HMA_EMA_GPT_LTM","Q4.Likert.scale",15,NA,NA,NA,NA,NA,NA,NA,NA
NA,"HMA_EMA_GPT_LTM","Q4.Likert.scale",15,NA,NA,NA,NA,NA,NA,NA,NA
NA,"HMA_EMA_GPT_LTM","Q4.Likert.scale",15,NA,NA,4,NA,NA,NA,NA,NA
NA,"HMA_EMA_GPT_LTM","Q4.Likert.scale",15,NA,NA,NA,NA,NA,NA,NA,NA
NA,"HMA_EMA_GPT_LTM","Q4.Likert.scale",15,NA,NA,NA,NA,NA,NA,NA,NA
NA,"HMA_EMA_GPT_LTM","Q4.Likert.scale",15,NA,NA,NA,NA,NA,NA,NA,NA
NA,"HMA_EMA_GPT_LTM","Q5.Likert.scale",19,NA,NA,NA,NA,NA,NA,NA,NA
NA,"HMA_EMA_GPT_LTM","Q5.Likert.scale",19,NA,NA,NA,5,NA,NA,NA,NA
NA,"HMA_EMA_GPT_LTM","Q5.Likert.scale",19,NA,NA,NA,NA,NA,NA,NA,NA
NA,"HMA_EMA_GPT_LTM","Q5.Likert.scale",19,NA,NA,NA,4,NA,NA,NA,NA
NA,"HMA_EMA_GPT_LTM","Q5.Likert.scale",19,NA,NA,NA,5,NA,NA,NA,NA
NA,"HMA_EMA_GPT_LTM","Q5.Likert.scale",19,NA,NA,NA,5,NA,NA,NA,NA
NA,"HMA_EMA_GPT_LTM","Q5.Likert.scale",19,NA,NA,NA,5,NA,NA,NA,NA
NA,"HMA_EMA_GPT_LTM","Q5.Likert.scale",19,NA,NA,NA,NA,NA,NA,NA,NA
NA,"HMA_EMA_GPT_LTM","Q5.Likert.scale",19,NA,NA,NA,5,NA,NA,NA,NA
NA,"HMA_EMA_GPT_LTM","Q5.Likert.scale",19,NA,NA,NA,5,NA,NA,NA,NA
NA,"HMA_EMA_GPT_LTM","Q5.Likert.scale",19,NA,NA,NA,NA,NA,NA,NA,NA
NA,"HMA_EMA_GPT_LTM","Q5.Likert.scale",19,NA,NA,NA,NA,NA,NA,NA,NA
NA,"HMA_EMA_GPT_LTM","Q5.Likert.scale",19,NA,NA,NA,NA,NA,NA,NA,NA
NA,"HMA_EMA_GPT_LTM","Q5.Likert.scale",19,NA,NA,NA,NA,NA,NA,NA,NA
NA,"HMA_EMA_GPT_LTM","Q5.Likert.scale",19,NA,NA,NA,5,NA,NA,NA,NA
NA,"HMA_EMA_GPT_LTM","Q6.Likert.scale",23,NA,NA,NA,NA,NA,NA,NA,NA
NA,"HMA_EMA_GPT_LTM","Q6.Likert.scale",23,NA,NA,NA,NA,4,NA,NA,NA
NA,"HMA_EMA_GPT_LTM","Q6.Likert.scale",23,NA,NA,NA,NA,5,NA,NA,NA
NA,"HMA_EMA_GPT_LTM","Q6.Likert.scale",23,NA,NA,NA,NA,NA,NA,NA,NA
NA,"HMA_EMA_GPT_LTM","Q6.Likert.scale",23,NA,NA,NA,NA,5,NA,NA,NA
NA,"HMA_EMA_GPT_LTM","Q6.Likert.scale",23,NA,NA,NA,NA,5,NA,NA,NA
NA,"HMA_EMA_GPT_LTM","Q6.Likert.scale",23,NA,NA,NA,NA,5,NA,NA,NA
NA,"HMA_EMA_GPT_LTM","Q6.Likert.scale",23,NA,NA,NA,NA,5,NA,NA,NA
NA,"HMA_EMA_GPT_LTM","Q6.Likert.scale",23,NA,NA,NA,NA,5,NA,NA,NA
NA,"HMA_EMA_GPT_LTM","Q6.Likert.scale",23,NA,NA,NA,NA,5,NA,NA,NA
NA,"HMA_EMA_GPT_LTM","Q6.Likert.scale",23,NA,NA,NA,NA,5,NA,NA,NA
NA,"HMA_EMA_GPT_LTM","Q6.Likert.scale",23,NA,NA,NA,NA,5,NA,NA,NA
NA,"HMA_EMA_GPT_LTM","Q6.Likert.scale",23,NA,NA,NA,NA,5,NA,NA,NA
NA,"HMA_EMA_GPT_LTM","Q6.Likert.scale",23,NA,NA,NA,NA,5,NA,NA,NA
NA,"HMA_EMA_GPT_LTM","Q6.Likert.scale",23,NA,NA,NA,NA,3,NA,NA,NA
NA,"HMA_EMA_GPT_LTM","Q7.Likert.scale",27,NA,NA,NA,NA,NA,NA,NA,NA
NA,"HMA_EMA_GPT_LTM","Q7.Likert.scale",27,NA,NA,NA,NA,NA,4,NA,NA
NA,"HMA_EMA_GPT_LTM","Q7.Likert.scale",27,NA,NA,NA,NA,NA,5,NA,NA
NA,"HMA_EMA_GPT_LTM","Q7.Likert.scale",27,NA,NA,NA,NA,NA,5,NA,NA
NA,"HMA_EMA_GPT_LTM","Q7.Likert.scale",27,NA,NA,NA,NA,NA,4,NA,NA
NA,"HMA_EMA_GPT_LTM","Q7.Likert.scale",27,NA,NA,NA,NA,NA,NA,NA,NA
NA,"HMA_EMA_GPT_LTM","Q7.Likert.scale",27,NA,NA,NA,NA,NA,4,NA,NA
NA,"HMA_EMA_GPT_LTM","Q7.Likert.scale",27,NA,NA,NA,NA,NA,5,NA,NA
NA,"HMA_EMA_GPT_LTM","Q7.Likert.scale",27,NA,NA,NA,NA,NA,5,NA,NA
NA,"HMA_EMA_GPT_LTM","Q7.Likert.scale",27,NA,NA,NA,NA,NA,5,NA,NA
NA,"HMA_EMA_GPT_LTM","Q7.Likert.scale",27,NA,NA,NA,NA,NA,5,NA,NA
NA,"HMA_EMA_GPT_LTM","Q7.Likert.scale",27,NA,NA,NA,NA,NA,4,NA,NA
NA,"HMA_EMA_GPT_LTM","Q7.Likert.scale",27,NA,NA,NA,NA,NA,5,NA,NA
NA,"HMA_EMA_GPT_LTM","Q7.Likert.scale",27,NA,NA,NA,NA,NA,5,NA,NA
NA,"HMA_EMA_GPT_LTM","Q7.Likert.scale",27,NA,NA,NA,NA,NA,5,NA,NA
NA,"HMA_EMA_GPT_LTM","Q8.Likert.scale",31,NA,NA,NA,NA,NA,NA,NA,NA
NA,"HMA_EMA_GPT_LTM","Q8.Likert.scale",31,NA,NA,NA,NA,NA,NA,4,NA
NA,"HMA_EMA_GPT_LTM","Q8.Likert.scale",31,NA,NA,NA,NA,NA,NA,5,NA
NA,"HMA_EMA_GPT_LTM","Q8.Likert.scale",31,NA,NA,NA,NA,NA,NA,5,NA
NA,"HMA_EMA_GPT_LTM","Q8.Likert.scale",31,NA,NA,NA,NA,NA,NA,5,NA
NA,"HMA_EMA_GPT_LTM","Q8.Likert.scale",31,NA,NA,NA,NA,NA,NA,5,NA
NA,"HMA_EMA_GPT_LTM","Q8.Likert.scale",31,NA,NA,NA,NA,NA,NA,5,NA
NA,"HMA_EMA_GPT_LTM","Q8.Likert.scale",31,NA,NA,NA,NA,NA,NA,5,NA
NA,"HMA_EMA_GPT_LTM","Q8.Likert.scale",31,NA,NA,NA,NA,NA,NA,5,NA
NA,"HMA_EMA_GPT_LTM","Q8.Likert.scale",31,NA,NA,NA,NA,NA,NA,5,NA
NA,"HMA_EMA_GPT_LTM","Q8.Likert.scale",31,NA,NA,NA,NA,NA,NA,4,NA
NA,"HMA_EMA_GPT_LTM","Q8.Likert.scale",31,NA,NA,NA,NA,NA,NA,4,NA
NA,"HMA_EMA_GPT_LTM","Q8.Likert.scale",31,NA,NA,NA,NA,NA,NA,4,NA
NA,"HMA_EMA_GPT_LTM","Q8.Likert.scale",31,NA,NA,NA,NA,NA,NA,4,NA
NA,"HMA_EMA_GPT_LTM","Q8.Likert.scale",31,NA,NA,NA,NA,NA,NA,4,NA
NA,"HMA_EMA_GPT_LTM","Q9.Likert.scale",35,NA,NA,NA,NA,NA,NA,NA,NA
NA,"HMA_EMA_GPT_LTM","Q9.Likert.scale",35,NA,NA,NA,NA,NA,NA,NA,NA
NA,"HMA_EMA_GPT_LTM","Q9.Likert.scale",35,NA,NA,NA,NA,NA,NA,NA,NA
NA,"HMA_EMA_GPT_LTM","Q9.Likert.scale",35,NA,NA,NA,NA,NA,NA,NA,NA
NA,"HMA_EMA_GPT_LTM","Q9.Likert.scale",35,NA,NA,NA,NA,NA,NA,NA,NA
NA,"HMA_EMA_GPT_LTM","Q9.Likert.scale",35,NA,NA,NA,NA,NA,NA,NA,NA
NA,"HMA_EMA_GPT_LTM","Q9.Likert.scale",35,NA,NA,NA,NA,NA,NA,NA,NA
NA,"HMA_EMA_GPT_LTM","Q9.Likert.scale",35,NA,NA,NA,NA,NA,NA,NA,NA
NA,"HMA_EMA_GPT_LTM","Q9.Likert.scale",35,NA,NA,NA,NA,NA,NA,NA,NA
NA,"HMA_EMA_GPT_LTM","Q9.Likert.scale",35,NA,NA,NA,NA,NA,NA,NA,NA
NA,"HMA_EMA_GPT_LTM","Q9.Likert.scale",35,NA,NA,NA,NA,NA,NA,NA,NA
NA,"HMA_EMA_GPT_LTM","Q9.Likert.scale",35,NA,NA,NA,NA,NA,NA,NA,NA
NA,"HMA_EMA_GPT_LTM","Q9.Likert.scale",35,NA,NA,NA,NA,NA,NA,NA,NA
NA,"HMA_EMA_GPT_LTM","Q9.Likert.scale",35,NA,NA,NA,NA,NA,NA,NA,NA
NA,"HMA_EMA_GPT_LTM","Q9.Likert.scale",35,NA,NA,NA,NA,NA,NA,NA,NA
5,"HMA_EMA_Llama_LTM","Q1.Likert.scale",3,NA,NA,NA,NA,NA,NA,NA,NA
5,"HMA_EMA_Llama_LTM","Q1.Likert.scale",3,NA,NA,NA,NA,NA,NA,NA,NA
2,"HMA_EMA_Llama_LTM","Q1.Likert.scale",3,NA,NA,NA,NA,NA,NA,NA,NA
5,"HMA_EMA_Llama_LTM","Q1.Likert.scale",3,NA,NA,NA,NA,NA,NA,NA,NA
5,"HMA_EMA_Llama_LTM","Q1.Likert.scale",3,NA,NA,NA,NA,NA,NA,NA,NA
3,"HMA_EMA_Llama_LTM","Q1.Likert.scale",3,NA,NA,NA,NA,NA,NA,NA,NA
5,"HMA_EMA_Llama_LTM","Q1.Likert.scale",3,NA,NA,NA,NA,NA,NA,NA,NA
5,"HMA_EMA_Llama_LTM","Q1.Likert.scale",3,NA,NA,NA,NA,NA,NA,NA,NA
5,"HMA_EMA_Llama_LTM","Q1.Likert.scale",3,NA,NA,NA,NA,NA,NA,NA,NA
3,"HMA_EMA_Llama_LTM","Q1.Likert.scale",3,NA,NA,NA,NA,NA,NA,NA,NA
3,"HMA_EMA_Llama_LTM","Q1.Likert.scale",3,NA,NA,NA,NA,NA,NA,NA,NA
5,"HMA_EMA_Llama_LTM","Q1.Likert.scale",3,NA,NA,NA,NA,NA,NA,NA,NA
5,"HMA_EMA_Llama_LTM","Q1.Likert.scale",3,NA,NA,NA,NA,NA,NA,NA,NA
5,"HMA_EMA_Llama_LTM","Q1.Likert.scale",3,NA,NA,NA,NA,NA,NA,NA,NA
4,"HMA_EMA_Llama_LTM","Q1.Likert.scale",3,NA,NA,NA,NA,NA,NA,NA,NA
NA,"HMA_EMA_Llama_LTM","Q2.Likert.scale",7,3,NA,NA,NA,NA,NA,NA,NA
NA,"HMA_EMA_Llama_LTM","Q2.Likert.scale",7,5,NA,NA,NA,NA,NA,NA,NA
NA,"HMA_EMA_Llama_LTM","Q2.Likert.scale",7,5,NA,NA,NA,NA,NA,NA,NA
NA,"HMA_EMA_Llama_LTM","Q2.Likert.scale",7,5,NA,NA,NA,NA,NA,NA,NA
NA,"HMA_EMA_Llama_LTM","Q2.Likert.scale",7,5,NA,NA,NA,NA,NA,NA,NA
NA,"HMA_EMA_Llama_LTM","Q2.Likert.scale",7,3,NA,NA,NA,NA,NA,NA,NA
NA,"HMA_EMA_Llama_LTM","Q2.Likert.scale",7,5,NA,NA,NA,NA,NA,NA,NA
NA,"HMA_EMA_Llama_LTM","Q2.Likert.scale",7,5,NA,NA,NA,NA,NA,NA,NA
NA,"HMA_EMA_Llama_LTM","Q2.Likert.scale",7,4,NA,NA,NA,NA,NA,NA,NA
NA,"HMA_EMA_Llama_LTM","Q2.Likert.scale",7,4,NA,NA,NA,NA,NA,NA,NA
NA,"HMA_EMA_Llama_LTM","Q2.Likert.scale",7,5,NA,NA,NA,NA,NA,NA,NA
NA,"HMA_EMA_Llama_LTM","Q2.Likert.scale",7,3,NA,NA,NA,NA,NA,NA,NA
NA,"HMA_EMA_Llama_LTM","Q2.Likert.scale",7,4,NA,NA,NA,NA,NA,NA,NA
NA,"HMA_EMA_Llama_LTM","Q2.Likert.scale",7,3,NA,NA,NA,NA,NA,NA,NA
NA,"HMA_EMA_Llama_LTM","Q2.Likert.scale",7,4,NA,NA,NA,NA,NA,NA,NA
NA,"HMA_EMA_Llama_LTM","Q3.Likert.scale",11,NA,3,NA,NA,NA,NA,NA,NA
NA,"HMA_EMA_Llama_LTM","Q3.Likert.scale",11,NA,4,NA,NA,NA,NA,NA,NA
NA,"HMA_EMA_Llama_LTM","Q3.Likert.scale",11,NA,3,NA,NA,NA,NA,NA,NA
NA,"HMA_EMA_Llama_LTM","Q3.Likert.scale",11,NA,3,NA,NA,NA,NA,NA,NA
NA,"HMA_EMA_Llama_LTM","Q3.Likert.scale",11,NA,4,NA,NA,NA,NA,NA,NA
NA,"HMA_EMA_Llama_LTM","Q3.Likert.scale",11,NA,3,NA,NA,NA,NA,NA,NA
NA,"HMA_EMA_Llama_LTM","Q3.Likert.scale",11,NA,4,NA,NA,NA,NA,NA,NA
NA,"HMA_EMA_Llama_LTM","Q3.Likert.scale",11,NA,4,NA,NA,NA,NA,NA,NA
NA,"HMA_EMA_Llama_LTM","Q3.Likert.scale",11,NA,4,NA,NA,NA,NA,NA,NA
NA,"HMA_EMA_Llama_LTM","Q3.Likert.scale",11,NA,3,NA,NA,NA,NA,NA,NA
NA,"HMA_EMA_Llama_LTM","Q3.Likert.scale",11,NA,5,NA,NA,NA,NA,NA,NA
NA,"HMA_EMA_Llama_LTM","Q3.Likert.scale",11,NA,4,NA,NA,NA,NA,NA,NA
NA,"HMA_EMA_Llama_LTM","Q3.Likert.scale",11,NA,4,NA,NA,NA,NA,NA,NA
NA,"HMA_EMA_Llama_LTM","Q3.Likert.scale",11,NA,4,NA,NA,NA,NA,NA,NA
NA,"HMA_EMA_Llama_LTM","Q3.Likert.scale",11,NA,4,NA,NA,NA,NA,NA,NA
NA,"HMA_EMA_Llama_LTM","Q4.Likert.scale",15,NA,NA,4,NA,NA,NA,NA,NA
NA,"HMA_EMA_Llama_LTM","Q4.Likert.scale",15,NA,NA,NA,NA,NA,NA,NA,NA
NA,"HMA_EMA_Llama_LTM","Q4.Likert.scale",15,NA,NA,NA,NA,NA,NA,NA,NA
NA,"HMA_EMA_Llama_LTM","Q4.Likert.scale",15,NA,NA,NA,NA,NA,NA,NA,NA
NA,"HMA_EMA_Llama_LTM","Q4.Likert.scale",15,NA,NA,NA,NA,NA,NA,NA,NA
NA,"HMA_EMA_Llama_LTM","Q4.Likert.scale",15,NA,NA,3,NA,NA,NA,NA,NA
NA,"HMA_EMA_Llama_LTM","Q4.Likert.scale",15,NA,NA,NA,NA,NA,NA,NA,NA
NA,"HMA_EMA_Llama_LTM","Q4.Likert.scale",15,NA,NA,NA,NA,NA,NA,NA,NA
NA,"HMA_EMA_Llama_LTM","Q4.Likert.scale",15,NA,NA,NA,NA,NA,NA,NA,NA
NA,"HMA_EMA_Llama_LTM","Q4.Likert.scale",15,NA,NA,NA,NA,NA,NA,NA,NA
NA,"HMA_EMA_Llama_LTM","Q4.Likert.scale",15,NA,NA,NA,NA,NA,NA,NA,NA
NA,"HMA_EMA_Llama_LTM","Q4.Likert.scale",15,NA,NA,3,NA,NA,NA,NA,NA
NA,"HMA_EMA_Llama_LTM","Q4.Likert.scale",15,NA,NA,NA,NA,NA,NA,NA,NA
NA,"HMA_EMA_Llama_LTM","Q4.Likert.scale",15,NA,NA,NA,NA,NA,NA,NA,NA
NA,"HMA_EMA_Llama_LTM","Q4.Likert.scale",15,NA,NA,NA,NA,NA,NA,NA,NA
NA,"HMA_EMA_Llama_LTM","Q5.Likert.scale",19,NA,NA,NA,3,NA,NA,NA,NA
NA,"HMA_EMA_Llama_LTM","Q5.Likert.scale",19,NA,NA,NA,3,NA,NA,NA,NA
NA,"HMA_EMA_Llama_LTM","Q5.Likert.scale",19,NA,NA,NA,NA,NA,NA,NA,NA
NA,"HMA_EMA_Llama_LTM","Q5.Likert.scale",19,NA,NA,NA,3,NA,NA,NA,NA
NA,"HMA_EMA_Llama_LTM","Q5.Likert.scale",19,NA,NA,NA,5,NA,NA,NA,NA
NA,"HMA_EMA_Llama_LTM","Q5.Likert.scale",19,NA,NA,NA,5,NA,NA,NA,NA
NA,"HMA_EMA_Llama_LTM","Q5.Likert.scale",19,NA,NA,NA,4,NA,NA,NA,NA
NA,"HMA_EMA_Llama_LTM","Q5.Likert.scale",19,NA,NA,NA,NA,NA,NA,NA,NA
NA,"HMA_EMA_Llama_LTM","Q5.Likert.scale",19,NA,NA,NA,4,NA,NA,NA,NA
NA,"HMA_EMA_Llama_LTM","Q5.Likert.scale",19,NA,NA,NA,4,NA,NA,NA,NA
NA,"HMA_EMA_Llama_LTM","Q5.Likert.scale",19,NA,NA,NA,NA,NA,NA,NA,NA
NA,"HMA_EMA_Llama_LTM","Q5.Likert.scale",19,NA,NA,NA,NA,NA,NA,NA,NA
NA,"HMA_EMA_Llama_LTM","Q5.Likert.scale",19,NA,NA,NA,NA,NA,NA,NA,NA
NA,"HMA_EMA_Llama_LTM","Q5.Likert.scale",19,NA,NA,NA,NA,NA,NA,NA,NA
NA,"HMA_EMA_Llama_LTM","Q5.Likert.scale",19,NA,NA,NA,4,NA,NA,NA,NA
NA,"HMA_EMA_Llama_LTM","Q6.Likert.scale",23,NA,NA,NA,NA,3,NA,NA,NA
NA,"HMA_EMA_Llama_LTM","Q6.Likert.scale",23,NA,NA,NA,NA,3,NA,NA,NA
NA,"HMA_EMA_Llama_LTM","Q6.Likert.scale",23,NA,NA,NA,NA,5,NA,NA,NA
NA,"HMA_EMA_Llama_LTM","Q6.Likert.scale",23,NA,NA,NA,NA,NA,NA,NA,NA
NA,"HMA_EMA_Llama_LTM","Q6.Likert.scale",23,NA,NA,NA,NA,5,NA,NA,NA
NA,"HMA_EMA_Llama_LTM","Q6.Likert.scale",23,NA,NA,NA,NA,5,NA,NA,NA
NA,"HMA_EMA_Llama_LTM","Q6.Likert.scale",23,NA,NA,NA,NA,5,NA,NA,NA
NA,"HMA_EMA_Llama_LTM","Q6.Likert.scale",23,NA,NA,NA,NA,5,NA,NA,NA
NA,"HMA_EMA_Llama_LTM","Q6.Likert.scale",23,NA,NA,NA,NA,5,NA,NA,NA
NA,"HMA_EMA_Llama_LTM","Q6.Likert.scale",23,NA,NA,NA,NA,4,NA,NA,NA
NA,"HMA_EMA_Llama_LTM","Q6.Likert.scale",23,NA,NA,NA,NA,5,NA,NA,NA
NA,"HMA_EMA_Llama_LTM","Q6.Likert.scale",23,NA,NA,NA,NA,5,NA,NA,NA
NA,"HMA_EMA_Llama_LTM","Q6.Likert.scale",23,NA,NA,NA,NA,5,NA,NA,NA
NA,"HMA_EMA_Llama_LTM","Q6.Likert.scale",23,NA,NA,NA,NA,4,NA,NA,NA
NA,"HMA_EMA_Llama_LTM","Q6.Likert.scale",23,NA,NA,NA,NA,3,NA,NA,NA
NA,"HMA_EMA_Llama_LTM","Q7.Likert.scale",27,NA,NA,NA,NA,NA,2,NA,NA
NA,"HMA_EMA_Llama_LTM","Q7.Likert.scale",27,NA,NA,NA,NA,NA,3,NA,NA
NA,"HMA_EMA_Llama_LTM","Q7.Likert.scale",27,NA,NA,NA,NA,NA,2,NA,NA
NA,"HMA_EMA_Llama_LTM","Q7.Likert.scale",27,NA,NA,NA,NA,NA,2,NA,NA
NA,"HMA_EMA_Llama_LTM","Q7.Likert.scale",27,NA,NA,NA,NA,NA,2,NA,NA
NA,"HMA_EMA_Llama_LTM","Q7.Likert.scale",27,NA,NA,NA,NA,NA,NA,NA,NA
NA,"HMA_EMA_Llama_LTM","Q7.Likert.scale",27,NA,NA,NA,NA,NA,2,NA,NA
NA,"HMA_EMA_Llama_LTM","Q7.Likert.scale",27,NA,NA,NA,NA,NA,2,NA,NA
NA,"HMA_EMA_Llama_LTM","Q7.Likert.scale",27,NA,NA,NA,NA,NA,2,NA,NA
NA,"HMA_EMA_Llama_LTM","Q7.Likert.scale",27,NA,NA,NA,NA,NA,2,NA,NA
NA,"HMA_EMA_Llama_LTM","Q7.Likert.scale",27,NA,NA,NA,NA,NA,1,NA,NA
NA,"HMA_EMA_Llama_LTM","Q7.Likert.scale",27,NA,NA,NA,NA,NA,2,NA,NA
NA,"HMA_EMA_Llama_LTM","Q7.Likert.scale",27,NA,NA,NA,NA,NA,1,NA,NA
NA,"HMA_EMA_Llama_LTM","Q7.Likert.scale",27,NA,NA,NA,NA,NA,2,NA,NA
NA,"HMA_EMA_Llama_LTM","Q7.Likert.scale",27,NA,NA,NA,NA,NA,3,NA,NA
NA,"HMA_EMA_Llama_LTM","Q8.Likert.scale",31,NA,NA,NA,NA,NA,NA,3,NA
NA,"HMA_EMA_Llama_LTM","Q8.Likert.scale",31,NA,NA,NA,NA,NA,NA,2,NA
NA,"HMA_EMA_Llama_LTM","Q8.Likert.scale",31,NA,NA,NA,NA,NA,NA,5,NA
NA,"HMA_EMA_Llama_LTM","Q8.Likert.scale",31,NA,NA,NA,NA,NA,NA,3,NA
NA,"HMA_EMA_Llama_LTM","Q8.Likert.scale",31,NA,NA,NA,NA,NA,NA,3,NA
NA,"HMA_EMA_Llama_LTM","Q8.Likert.scale",31,NA,NA,NA,NA,NA,NA,2,NA
NA,"HMA_EMA_Llama_LTM","Q8.Likert.scale",31,NA,NA,NA,NA,NA,NA,4,NA
NA,"HMA_EMA_Llama_LTM","Q8.Likert.scale",31,NA,NA,NA,NA,NA,NA,3,NA
NA,"HMA_EMA_Llama_LTM","Q8.Likert.scale",31,NA,NA,NA,NA,NA,NA,3,NA
NA,"HMA_EMA_Llama_LTM","Q8.Likert.scale",31,NA,NA,NA,NA,NA,NA,2,NA
NA,"HMA_EMA_Llama_LTM","Q8.Likert.scale",31,NA,NA,NA,NA,NA,NA,4,NA
NA,"HMA_EMA_Llama_LTM","Q8.Likert.scale",31,NA,NA,NA,NA,NA,NA,4,NA
NA,"HMA_EMA_Llama_LTM","Q8.Likert.scale",31,NA,NA,NA,NA,NA,NA,4,NA
NA,"HMA_EMA_Llama_LTM","Q8.Likert.scale",31,NA,NA,NA,NA,NA,NA,4,NA
NA,"HMA_EMA_Llama_LTM","Q8.Likert.scale",31,NA,NA,NA,NA,NA,NA,2,NA
NA,"HMA_EMA_Llama_LTM","Q9.Likert.scale",35,NA,NA,NA,NA,NA,NA,NA,3
NA,"HMA_EMA_Llama_LTM","Q9.Likert.scale",35,NA,NA,NA,NA,NA,NA,NA,NA
NA,"HMA_EMA_Llama_LTM","Q9.Likert.scale",35,NA,NA,NA,NA,NA,NA,NA,NA
NA,"HMA_EMA_Llama_LTM","Q9.Likert.scale",35,NA,NA,NA,NA,NA,NA,NA,NA
NA,"HMA_EMA_Llama_LTM","Q9.Likert.scale",35,NA,NA,NA,NA,NA,NA,NA,NA
NA,"HMA_EMA_Llama_LTM","Q9.Likert.scale",35,NA,NA,NA,NA,NA,NA,NA,NA
NA,"HMA_EMA_Llama_LTM","Q9.Likert.scale",35,NA,NA,NA,NA,NA,NA,NA,NA
NA,"HMA_EMA_Llama_LTM","Q9.Likert.scale",35,NA,NA,NA,NA,NA,NA,NA,NA
NA,"HMA_EMA_Llama_LTM","Q9.Likert.scale",35,NA,NA,NA,NA,NA,NA,NA,NA
NA,"HMA_EMA_Llama_LTM","Q9.Likert.scale",35,NA,NA,NA,NA,NA,NA,NA,NA
NA,"HMA_EMA_Llama_LTM","Q9.Likert.scale",35,NA,NA,NA,NA,NA,NA,NA,NA
NA,"HMA_EMA_Llama_LTM","Q9.Likert.scale",35,NA,NA,NA,NA,NA,NA,NA,NA
NA,"HMA_EMA_Llama_LTM","Q9.Likert.scale",35,NA,NA,NA,NA,NA,NA,NA,NA
NA,"HMA_EMA_Llama_LTM","Q9.Likert.scale",35,NA,NA,NA,NA,NA,NA,NA,NA
NA,"HMA_EMA_Llama_LTM","Q9.Likert.scale",35,NA,NA,NA,NA,NA,NA,NA,NA
4,"Irath_HMA_LTM","Q1.Likert.scale",3,NA,NA,NA,NA,NA,NA,NA,NA
4,"Irath_HMA_LTM","Q1.Likert.scale",3,NA,NA,NA,NA,NA,NA,NA,NA
4,"Irath_HMA_LTM","Q1.Likert.scale",3,NA,NA,NA,NA,NA,NA,NA,NA
3,"Irath_HMA_LTM","Q1.Likert.scale",3,NA,NA,NA,NA,NA,NA,NA,NA
2,"Irath_HMA_LTM","Q1.Likert.scale",3,NA,NA,NA,NA,NA,NA,NA,NA
5,"Irath_HMA_LTM","Q1.Likert.scale",3,NA,NA,NA,NA,NA,NA,NA,NA
4,"Irath_HMA_LTM","Q1.Likert.scale",3,NA,NA,NA,NA,NA,NA,NA,NA
3,"Irath_HMA_LTM","Q1.Likert.scale",3,NA,NA,NA,NA,NA,NA,NA,NA
5,"Irath_HMA_LTM","Q1.Likert.scale",3,NA,NA,NA,NA,NA,NA,NA,NA
4,"Irath_HMA_LTM","Q1.Likert.scale",3,NA,NA,NA,NA,NA,NA,NA,NA
5,"Irath_HMA_LTM","Q1.Likert.scale",3,NA,NA,NA,NA,NA,NA,NA,NA
3,"Irath_HMA_LTM","Q1.Likert.scale",3,NA,NA,NA,NA,NA,NA,NA,NA
2,"Irath_HMA_LTM","Q1.Likert.scale",3,NA,NA,NA,NA,NA,NA,NA,NA
2,"Irath_HMA_LTM","Q1.Likert.scale",3,NA,NA,NA,NA,NA,NA,NA,NA
NA,"Irath_HMA_LTM","Q1.Likert.scale",3,NA,NA,NA,NA,NA,NA,NA,NA
NA,"Irath_HMA_LTM","Q2.Likert.scale",7,1,NA,NA,NA,NA,NA,NA,NA
NA,"Irath_HMA_LTM","Q2.Likert.scale",7,3,NA,NA,NA,NA,NA,NA,NA
NA,"Irath_HMA_LTM","Q2.Likert.scale",7,3,NA,NA,NA,NA,NA,NA,NA
NA,"Irath_HMA_LTM","Q2.Likert.scale",7,3,NA,NA,NA,NA,NA,NA,NA
NA,"Irath_HMA_LTM","Q2.Likert.scale",7,3,NA,NA,NA,NA,NA,NA,NA
NA,"Irath_HMA_LTM","Q2.Likert.scale",7,5,NA,NA,NA,NA,NA,NA,NA
NA,"Irath_HMA_LTM","Q2.Likert.scale",7,3,NA,NA,NA,NA,NA,NA,NA
NA,"Irath_HMA_LTM","Q2.Likert.scale",7,2,NA,NA,NA,NA,NA,NA,NA
NA,"Irath_HMA_LTM","Q2.Likert.scale",7,5,NA,NA,NA,NA,NA,NA,NA
NA,"Irath_HMA_LTM","Q2.Likert.scale",7,5,NA,NA,NA,NA,NA,NA,NA
NA,"Irath_HMA_LTM","Q2.Likert.scale",7,3,NA,NA,NA,NA,NA,NA,NA
NA,"Irath_HMA_LTM","Q2.Likert.scale",7,3,NA,NA,NA,NA,NA,NA,NA
NA,"Irath_HMA_LTM","Q2.Likert.scale",7,3,NA,NA,NA,NA,NA,NA,NA
NA,"Irath_HMA_LTM","Q2.Likert.scale",7,5,NA,NA,NA,NA,NA,NA,NA
NA,"Irath_HMA_LTM","Q2.Likert.scale",7,3,NA,NA,NA,NA,NA,NA,NA
NA,"Irath_HMA_LTM","Q3.Likert.scale",11,NA,1,NA,NA,NA,NA,NA,NA
NA,"Irath_HMA_LTM","Q3.Likert.scale",11,NA,2,NA,NA,NA,NA,NA,NA
NA,"Irath_HMA_LTM","Q3.Likert.scale",11,NA,2,NA,NA,NA,NA,NA,NA
NA,"Irath_HMA_LTM","Q3.Likert.scale",11,NA,3,NA,NA,NA,NA,NA,NA
NA,"Irath_HMA_LTM","Q3.Likert.scale",11,NA,1,NA,NA,NA,NA,NA,NA
NA,"Irath_HMA_LTM","Q3.Likert.scale",11,NA,1,NA,NA,NA,NA,NA,NA
NA,"Irath_HMA_LTM","Q3.Likert.scale",11,NA,1,NA,NA,NA,NA,NA,NA
NA,"Irath_HMA_LTM","Q3.Likert.scale",11,NA,1,NA,NA,NA,NA,NA,NA
NA,"Irath_HMA_LTM","Q3.Likert.scale",11,NA,1,NA,NA,NA,NA,NA,NA
NA,"Irath_HMA_LTM","Q3.Likert.scale",11,NA,1,NA,NA,NA,NA,NA,NA
NA,"Irath_HMA_LTM","Q3.Likert.scale",11,NA,1,NA,NA,NA,NA,NA,NA
NA,"Irath_HMA_LTM","Q3.Likert.scale",11,NA,1,NA,NA,NA,NA,NA,NA
NA,"Irath_HMA_LTM","Q3.Likert.scale",11,NA,1,NA,NA,NA,NA,NA,NA
NA,"Irath_HMA_LTM","Q3.Likert.scale",11,NA,1,NA,NA,NA,NA,NA,NA
NA,"Irath_HMA_LTM","Q3.Likert.scale",11,NA,2,NA,NA,NA,NA,NA,NA
NA,"Irath_HMA_LTM","Q4.Likert.scale",15,NA,NA,1,NA,NA,NA,NA,NA
NA,"Irath_HMA_LTM","Q4.Likert.scale",15,NA,NA,NA,NA,NA,NA,NA,NA
NA,"Irath_HMA_LTM","Q4.Likert.scale",15,NA,NA,NA,NA,NA,NA,NA,NA
NA,"Irath_HMA_LTM","Q4.Likert.scale",15,NA,NA,NA,NA,NA,NA,NA,NA
NA,"Irath_HMA_LTM","Q4.Likert.scale",15,NA,NA,NA,NA,NA,NA,NA,NA
NA,"Irath_HMA_LTM","Q4.Likert.scale",15,NA,NA,2,NA,NA,NA,NA,NA
NA,"Irath_HMA_LTM","Q4.Likert.scale",15,NA,NA,NA,NA,NA,NA,NA,NA
NA,"Irath_HMA_LTM","Q4.Likert.scale",15,NA,NA,NA,NA,NA,NA,NA,NA
NA,"Irath_HMA_LTM","Q4.Likert.scale",15,NA,NA,NA,NA,NA,NA,NA,NA
NA,"Irath_HMA_LTM","Q4.Likert.scale",15,NA,NA,NA,NA,NA,NA,NA,NA
NA,"Irath_HMA_LTM","Q4.Likert.scale",15,NA,NA,NA,NA,NA,NA,NA,NA
NA,"Irath_HMA_LTM","Q4.Likert.scale",15,NA,NA,2,NA,NA,NA,NA,NA
NA,"Irath_HMA_LTM","Q4.Likert.scale",15,NA,NA,NA,NA,NA,NA,NA,NA
NA,"Irath_HMA_LTM","Q4.Likert.scale",15,NA,NA,NA,NA,NA,NA,NA,NA
NA,"Irath_HMA_LTM","Q4.Likert.scale",15,NA,NA,NA,NA,NA,NA,NA,NA
NA,"Irath_HMA_LTM","Q5.Likert.scale",19,NA,NA,NA,1,NA,NA,NA,NA
NA,"Irath_HMA_LTM","Q5.Likert.scale",19,NA,NA,NA,2,NA,NA,NA,NA
NA,"Irath_HMA_LTM","Q5.Likert.scale",19,NA,NA,NA,NA,NA,NA,NA,NA
NA,"Irath_HMA_LTM","Q5.Likert.scale",19,NA,NA,NA,2,NA,NA,NA,NA
NA,"Irath_HMA_LTM","Q5.Likert.scale",19,NA,NA,NA,3,NA,NA,NA,NA
NA,"Irath_HMA_LTM","Q5.Likert.scale",19,NA,NA,NA,3,NA,NA,NA,NA
NA,"Irath_HMA_LTM","Q5.Likert.scale",19,NA,NA,NA,2,NA,NA,NA,NA
NA,"Irath_HMA_LTM","Q5.Likert.scale",19,NA,NA,NA,NA,NA,NA,NA,NA
NA,"Irath_HMA_LTM","Q5.Likert.scale",19,NA,NA,NA,1,NA,NA,NA,NA
NA,"Irath_HMA_LTM","Q5.Likert.scale",19,NA,NA,NA,4,NA,NA,NA,NA
NA,"Irath_HMA_LTM","Q5.Likert.scale",19,NA,NA,NA,NA,NA,NA,NA,NA
NA,"Irath_HMA_LTM","Q5.Likert.scale",19,NA,NA,NA,NA,NA,NA,NA,NA
NA,"Irath_HMA_LTM","Q5.Likert.scale",19,NA,NA,NA,NA,NA,NA,NA,NA
NA,"Irath_HMA_LTM","Q5.Likert.scale",19,NA,NA,NA,NA,NA,NA,NA,NA
NA,"Irath_HMA_LTM","Q5.Likert.scale",19,NA,NA,NA,2,NA,NA,NA,NA
NA,"Irath_HMA_LTM","Q6.Likert.scale",23,NA,NA,NA,NA,4,NA,NA,NA
NA,"Irath_HMA_LTM","Q6.Likert.scale",23,NA,NA,NA,NA,2,NA,NA,NA
NA,"Irath_HMA_LTM","Q6.Likert.scale",23,NA,NA,NA,NA,5,NA,NA,NA
NA,"Irath_HMA_LTM","Q6.Likert.scale",23,NA,NA,NA,NA,NA,NA,NA,NA
NA,"Irath_HMA_LTM","Q6.Likert.scale",23,NA,NA,NA,NA,5,NA,NA,NA
NA,"Irath_HMA_LTM","Q6.Likert.scale",23,NA,NA,NA,NA,5,NA,NA,NA
NA,"Irath_HMA_LTM","Q6.Likert.scale",23,NA,NA,NA,NA,5,NA,NA,NA
NA,"Irath_HMA_LTM","Q6.Likert.scale",23,NA,NA,NA,NA,2,NA,NA,NA
NA,"Irath_HMA_LTM","Q6.Likert.scale",23,NA,NA,NA,NA,4,NA,NA,NA
NA,"Irath_HMA_LTM","Q6.Likert.scale",23,NA,NA,NA,NA,5,NA,NA,NA
NA,"Irath_HMA_LTM","Q6.Likert.scale",23,NA,NA,NA,NA,3,NA,NA,NA
NA,"Irath_HMA_LTM","Q6.Likert.scale",23,NA,NA,NA,NA,5,NA,NA,NA
NA,"Irath_HMA_LTM","Q6.Likert.scale",23,NA,NA,NA,NA,5,NA,NA,NA
NA,"Irath_HMA_LTM","Q6.Likert.scale",23,NA,NA,NA,NA,5,NA,NA,NA
NA,"Irath_HMA_LTM","Q6.Likert.scale",23,NA,NA,NA,NA,2,NA,NA,NA
NA,"Irath_HMA_LTM","Q7.Likert.scale",27,NA,NA,NA,NA,NA,2,NA,NA
NA,"Irath_HMA_LTM","Q7.Likert.scale",27,NA,NA,NA,NA,NA,1,NA,NA
NA,"Irath_HMA_LTM","Q7.Likert.scale",27,NA,NA,NA,NA,NA,1,NA,NA
NA,"Irath_HMA_LTM","Q7.Likert.scale",27,NA,NA,NA,NA,NA,2,NA,NA
NA,"Irath_HMA_LTM","Q7.Likert.scale",27,NA,NA,NA,NA,NA,3,NA,NA
NA,"Irath_HMA_LTM","Q7.Likert.scale",27,NA,NA,NA,NA,NA,NA,NA,NA
NA,"Irath_HMA_LTM","Q7.Likert.scale",27,NA,NA,NA,NA,NA,2,NA,NA
NA,"Irath_HMA_LTM","Q7.Likert.scale",27,NA,NA,NA,NA,NA,2,NA,NA
NA,"Irath_HMA_LTM","Q7.Likert.scale",27,NA,NA,NA,NA,NA,2,NA,NA
NA,"Irath_HMA_LTM","Q7.Likert.scale",27,NA,NA,NA,NA,NA,3,NA,NA
NA,"Irath_HMA_LTM","Q7.Likert.scale",27,NA,NA,NA,NA,NA,3,NA,NA
NA,"Irath_HMA_LTM","Q7.Likert.scale",27,NA,NA,NA,NA,NA,3,NA,NA
NA,"Irath_HMA_LTM","Q7.Likert.scale",27,NA,NA,NA,NA,NA,2,NA,NA
NA,"Irath_HMA_LTM","Q7.Likert.scale",27,NA,NA,NA,NA,NA,2,NA,NA
NA,"Irath_HMA_LTM","Q7.Likert.scale",27,NA,NA,NA,NA,NA,1,NA,NA
NA,"Irath_HMA_LTM","Q8.Likert.scale",31,NA,NA,NA,NA,NA,NA,2,NA
NA,"Irath_HMA_LTM","Q8.Likert.scale",31,NA,NA,NA,NA,NA,NA,2,NA
NA,"Irath_HMA_LTM","Q8.Likert.scale",31,NA,NA,NA,NA,NA,NA,4,NA
NA,"Irath_HMA_LTM","Q8.Likert.scale",31,NA,NA,NA,NA,NA,NA,2,NA
NA,"Irath_HMA_LTM","Q8.Likert.scale",31,NA,NA,NA,NA,NA,NA,3,NA
NA,"Irath_HMA_LTM","Q8.Likert.scale",31,NA,NA,NA,NA,NA,NA,2,NA
NA,"Irath_HMA_LTM","Q8.Likert.scale",31,NA,NA,NA,NA,NA,NA,3,NA
NA,"Irath_HMA_LTM","Q8.Likert.scale",31,NA,NA,NA,NA,NA,NA,3,NA
NA,"Irath_HMA_LTM","Q8.Likert.scale",31,NA,NA,NA,NA,NA,NA,3,NA
NA,"Irath_HMA_LTM","Q8.Likert.scale",31,NA,NA,NA,NA,NA,NA,2,NA
NA,"Irath_HMA_LTM","Q8.Likert.scale",31,NA,NA,NA,NA,NA,NA,3,NA
NA,"Irath_HMA_LTM","Q8.Likert.scale",31,NA,NA,NA,NA,NA,NA,3,NA
NA,"Irath_HMA_LTM","Q8.Likert.scale",31,NA,NA,NA,NA,NA,NA,3,NA
NA,"Irath_HMA_LTM","Q8.Likert.scale",31,NA,NA,NA,NA,NA,NA,3,NA
NA,"Irath_HMA_LTM","Q8.Likert.scale",31,NA,NA,NA,NA,NA,NA,2,NA
NA,"Irath_HMA_LTM","Q9.Likert.scale",35,NA,NA,NA,NA,NA,NA,NA,2
NA,"Irath_HMA_LTM","Q9.Likert.scale",35,NA,NA,NA,NA,NA,NA,NA,NA
NA,"Irath_HMA_LTM","Q9.Likert.scale",35,NA,NA,NA,NA,NA,NA,NA,NA
NA,"Irath_HMA_LTM","Q9.Likert.scale",35,NA,NA,NA,NA,NA,NA,NA,NA
NA,"Irath_HMA_LTM","Q9.Likert.scale",35,NA,NA,NA,NA,NA,NA,NA,NA
NA,"Irath_HMA_LTM","Q9.Likert.scale",35,NA,NA,NA,NA,NA,NA,NA,NA
NA,"Irath_HMA_LTM","Q9.Likert.scale",35,NA,NA,NA,NA,NA,NA,NA,NA
NA,"Irath_HMA_LTM","Q9.Likert.scale",35,NA,NA,NA,NA,NA,NA,NA,NA
NA,"Irath_HMA_LTM","Q9.Likert.scale",35,NA,NA,NA,NA,NA,NA,NA,NA
NA,"Irath_HMA_LTM","Q9.Likert.scale",35,NA,NA,NA,NA,NA,NA,NA,NA
NA,"Irath_HMA_LTM","Q9.Likert.scale",35,NA,NA,NA,NA,NA,NA,NA,NA
NA,"Irath_HMA_LTM","Q9.Likert.scale",35,NA,NA,NA,NA,NA,NA,NA,NA
NA,"Irath_HMA_LTM","Q9.Likert.scale",35,NA,NA,NA,NA,NA,NA,NA,NA
NA,"Irath_HMA_LTM","Q9.Likert.scale",35,NA,NA,NA,NA,NA,NA,NA,NA
NA,"Irath_HMA_LTM","Q9.Likert.scale",35,NA,NA,NA,NA,NA,NA,NA,NA
5,"SENTINEL_DEEPSEEK_LTM","Q1.Likert.scale",3,NA,NA,NA,NA,NA,NA,NA,NA
1,"SENTINEL_DEEPSEEK_LTM","Q1.Likert.scale",3,NA,NA,NA,NA,NA,NA,NA,NA
5,"SENTINEL_DEEPSEEK_LTM","Q1.Likert.scale",3,NA,NA,NA,NA,NA,NA,NA,NA
5,"SENTINEL_DEEPSEEK_LTM","Q1.Likert.scale",3,NA,NA,NA,NA,NA,NA,NA,NA
1,"SENTINEL_DEEPSEEK_LTM","Q1.Likert.scale",3,NA,NA,NA,NA,NA,NA,NA,NA
5,"SENTINEL_DEEPSEEK_LTM","Q1.Likert.scale",3,NA,NA,NA,NA,NA,NA,NA,NA
1,"SENTINEL_DEEPSEEK_LTM","Q1.Likert.scale",3,NA,NA,NA,NA,NA,NA,NA,NA
5,"SENTINEL_DEEPSEEK_LTM","Q1.Likert.scale",3,NA,NA,NA,NA,NA,NA,NA,NA
1,"SENTINEL_DEEPSEEK_LTM","Q1.Likert.scale",3,NA,NA,NA,NA,NA,NA,NA,NA
1,"SENTINEL_DEEPSEEK_LTM","Q1.Likert.scale",3,NA,NA,NA,NA,NA,NA,NA,NA
5,"SENTINEL_DEEPSEEK_LTM","Q1.Likert.scale",3,NA,NA,NA,NA,NA,NA,NA,NA
1,"SENTINEL_DEEPSEEK_LTM","Q1.Likert.scale",3,NA,NA,NA,NA,NA,NA,NA,NA
4,"SENTINEL_DEEPSEEK_LTM","Q1.Likert.scale",3,NA,NA,NA,NA,NA,NA,NA,NA
1,"SENTINEL_DEEPSEEK_LTM","Q1.Likert.scale",3,NA,NA,NA,NA,NA,NA,NA,NA
5,"SENTINEL_DEEPSEEK_LTM","Q1.Likert.scale",3,NA,NA,NA,NA,NA,NA,NA,NA
NA,"SENTINEL_DEEPSEEK_LTM","Q2.Likert.scale",7,2,NA,NA,NA,NA,NA,NA,NA
NA,"SENTINEL_DEEPSEEK_LTM","Q2.Likert.scale",7,1,NA,NA,NA,NA,NA,NA,NA
NA,"SENTINEL_DEEPSEEK_LTM","Q2.Likert.scale",7,2,NA,NA,NA,NA,NA,NA,NA
NA,"SENTINEL_DEEPSEEK_LTM","Q2.Likert.scale",7,5,NA,NA,NA,NA,NA,NA,NA
NA,"SENTINEL_DEEPSEEK_LTM","Q2.Likert.scale",7,1,NA,NA,NA,NA,NA,NA,NA
NA,"SENTINEL_DEEPSEEK_LTM","Q2.Likert.scale",7,2,NA,NA,NA,NA,NA,NA,NA
NA,"SENTINEL_DEEPSEEK_LTM","Q2.Likert.scale",7,1,NA,NA,NA,NA,NA,NA,NA
NA,"SENTINEL_DEEPSEEK_LTM","Q2.Likert.scale",7,5,NA,NA,NA,NA,NA,NA,NA
NA,"SENTINEL_DEEPSEEK_LTM","Q2.Likert.scale",7,1,NA,NA,NA,NA,NA,NA,NA
NA,"SENTINEL_DEEPSEEK_LTM","Q2.Likert.scale",7,1,NA,NA,NA,NA,NA,NA,NA
NA,"SENTINEL_DEEPSEEK_LTM","Q2.Likert.scale",7,2,NA,NA,NA,NA,NA,NA,NA
NA,"SENTINEL_DEEPSEEK_LTM","Q2.Likert.scale",7,1,NA,NA,NA,NA,NA,NA,NA
NA,"SENTINEL_DEEPSEEK_LTM","Q2.Likert.scale",7,1,NA,NA,NA,NA,NA,NA,NA
NA,"SENTINEL_DEEPSEEK_LTM","Q2.Likert.scale",7,2,NA,NA,NA,NA,NA,NA,NA
NA,"SENTINEL_DEEPSEEK_LTM","Q2.Likert.scale",7,2,NA,NA,NA,NA,NA,NA,NA
NA,"SENTINEL_DEEPSEEK_LTM","Q3.Likert.scale",11,NA,3,NA,NA,NA,NA,NA,NA
NA,"SENTINEL_DEEPSEEK_LTM","Q3.Likert.scale",11,NA,1,NA,NA,NA,NA,NA,NA
NA,"SENTINEL_DEEPSEEK_LTM","Q3.Likert.scale",11,NA,2,NA,NA,NA,NA,NA,NA
NA,"SENTINEL_DEEPSEEK_LTM","Q3.Likert.scale",11,NA,2,NA,NA,NA,NA,NA,NA
NA,"SENTINEL_DEEPSEEK_LTM","Q3.Likert.scale",11,NA,1,NA,NA,NA,NA,NA,NA
NA,"SENTINEL_DEEPSEEK_LTM","Q3.Likert.scale",11,NA,2,NA,NA,NA,NA,NA,NA
NA,"SENTINEL_DEEPSEEK_LTM","Q3.Likert.scale",11,NA,2,NA,NA,NA,NA,NA,NA
NA,"SENTINEL_DEEPSEEK_LTM","Q3.Likert.scale",11,NA,2,NA,NA,NA,NA,NA,NA
NA,"SENTINEL_DEEPSEEK_LTM","Q3.Likert.scale",11,NA,2,NA,NA,NA,NA,NA,NA
NA,"SENTINEL_DEEPSEEK_LTM","Q3.Likert.scale",11,NA,1,NA,NA,NA,NA,NA,NA
NA,"SENTINEL_DEEPSEEK_LTM","Q3.Likert.scale",11,NA,1,NA,NA,NA,NA,NA,NA
NA,"SENTINEL_DEEPSEEK_LTM","Q3.Likert.scale",11,NA,1,NA,NA,NA,NA,NA,NA
NA,"SENTINEL_DEEPSEEK_LTM","Q3.Likert.scale",11,NA,1,NA,NA,NA,NA,NA,NA
NA,"SENTINEL_DEEPSEEK_LTM","Q3.Likert.scale",11,NA,1,NA,NA,NA,NA,NA,NA
NA,"SENTINEL_DEEPSEEK_LTM","Q3.Likert.scale",11,NA,2,NA,NA,NA,NA,NA,NA
NA,"SENTINEL_DEEPSEEK_LTM","Q4.Likert.scale",15,NA,NA,4,NA,NA,NA,NA,NA
NA,"SENTINEL_DEEPSEEK_LTM","Q4.Likert.scale",15,NA,NA,NA,NA,NA,NA,NA,NA
NA,"SENTINEL_DEEPSEEK_LTM","Q4.Likert.scale",15,NA,NA,5,NA,NA,NA,NA,NA
NA,"SENTINEL_DEEPSEEK_LTM","Q4.Likert.scale",15,NA,NA,5,NA,NA,NA,NA,NA
NA,"SENTINEL_DEEPSEEK_LTM","Q4.Likert.scale",15,NA,NA,5,NA,NA,NA,NA,NA
NA,"SENTINEL_DEEPSEEK_LTM","Q4.Likert.scale",15,NA,NA,5,NA,NA,NA,NA,NA
NA,"SENTINEL_DEEPSEEK_LTM","Q4.Likert.scale",15,NA,NA,5,NA,NA,NA,NA,NA
NA,"SENTINEL_DEEPSEEK_LTM","Q4.Likert.scale",15,NA,NA,5,NA,NA,NA,NA,NA
NA,"SENTINEL_DEEPSEEK_LTM","Q4.Likert.scale",15,NA,NA,5,NA,NA,NA,NA,NA
NA,"SENTINEL_DEEPSEEK_LTM","Q4.Likert.scale",15,NA,NA,5,NA,NA,NA,NA,NA
NA,"SENTINEL_DEEPSEEK_LTM","Q4.Likert.scale",15,NA,NA,5,NA,NA,NA,NA,NA
NA,"SENTINEL_DEEPSEEK_LTM","Q4.Likert.scale",15,NA,NA,5,NA,NA,NA,NA,NA
NA,"SENTINEL_DEEPSEEK_LTM","Q4.Likert.scale",15,NA,NA,5,NA,NA,NA,NA,NA
NA,"SENTINEL_DEEPSEEK_LTM","Q4.Likert.scale",15,NA,NA,5,NA,NA,NA,NA,NA
NA,"SENTINEL_DEEPSEEK_LTM","Q4.Likert.scale",15,NA,NA,NA,NA,NA,NA,NA,NA
NA,"SENTINEL_DEEPSEEK_LTM","Q5.Likert.scale",19,NA,NA,NA,5,NA,NA,NA,NA
NA,"SENTINEL_DEEPSEEK_LTM","Q5.Likert.scale",19,NA,NA,NA,NA,NA,NA,NA,NA
NA,"SENTINEL_DEEPSEEK_LTM","Q5.Likert.scale",19,NA,NA,NA,4,NA,NA,NA,NA
NA,"SENTINEL_DEEPSEEK_LTM","Q5.Likert.scale",19,NA,NA,NA,5,NA,NA,NA,NA
NA,"SENTINEL_DEEPSEEK_LTM","Q5.Likert.scale",19,NA,NA,NA,3,NA,NA,NA,NA
NA,"SENTINEL_DEEPSEEK_LTM","Q5.Likert.scale",19,NA,NA,NA,4,NA,NA,NA,NA
NA,"SENTINEL_DEEPSEEK_LTM","Q5.Likert.scale",19,NA,NA,NA,5,NA,NA,NA,NA
NA,"SENTINEL_DEEPSEEK_LTM","Q5.Likert.scale",19,NA,NA,NA,5,NA,NA,NA,NA
NA,"SENTINEL_DEEPSEEK_LTM","Q5.Likert.scale",19,NA,NA,NA,4,NA,NA,NA,NA
NA,"SENTINEL_DEEPSEEK_LTM","Q5.Likert.scale",19,NA,NA,NA,4,NA,NA,NA,NA
NA,"SENTINEL_DEEPSEEK_LTM","Q5.Likert.scale",19,NA,NA,NA,4,NA,NA,NA,NA
NA,"SENTINEL_DEEPSEEK_LTM","Q5.Likert.scale",19,NA,NA,NA,4,NA,NA,NA,NA
NA,"SENTINEL_DEEPSEEK_LTM","Q5.Likert.scale",19,NA,NA,NA,5,NA,NA,NA,NA
NA,"SENTINEL_DEEPSEEK_LTM","Q5.Likert.scale",19,NA,NA,NA,5,NA,NA,NA,NA
NA,"SENTINEL_DEEPSEEK_LTM","Q5.Likert.scale",19,NA,NA,NA,5,NA,NA,NA,NA
NA,"SENTINEL_DEEPSEEK_LTM","Q6.Likert.scale",23,NA,NA,NA,NA,5,NA,NA,NA
NA,"SENTINEL_DEEPSEEK_LTM","Q6.Likert.scale",23,NA,NA,NA,NA,5,NA,NA,NA
NA,"SENTINEL_DEEPSEEK_LTM","Q6.Likert.scale",23,NA,NA,NA,NA,5,NA,NA,NA
NA,"SENTINEL_DEEPSEEK_LTM","Q6.Likert.scale",23,NA,NA,NA,NA,5,NA,NA,NA
NA,"SENTINEL_DEEPSEEK_LTM","Q6.Likert.scale",23,NA,NA,NA,NA,4,NA,NA,NA
NA,"SENTINEL_DEEPSEEK_LTM","Q6.Likert.scale",23,NA,NA,NA,NA,NA,NA,NA,NA
NA,"SENTINEL_DEEPSEEK_LTM","Q6.Likert.scale",23,NA,NA,NA,NA,5,NA,NA,NA
NA,"SENTINEL_DEEPSEEK_LTM","Q6.Likert.scale",23,NA,NA,NA,NA,NA,NA,NA,NA
NA,"SENTINEL_DEEPSEEK_LTM","Q6.Likert.scale",23,NA,NA,NA,NA,NA,NA,NA,NA
NA,"SENTINEL_DEEPSEEK_LTM","Q6.Likert.scale",23,NA,NA,NA,NA,NA,NA,NA,NA
NA,"SENTINEL_DEEPSEEK_LTM","Q6.Likert.scale",23,NA,NA,NA,NA,NA,NA,NA,NA
NA,"SENTINEL_DEEPSEEK_LTM","Q6.Likert.scale",23,NA,NA,NA,NA,NA,NA,NA,NA
NA,"SENTINEL_DEEPSEEK_LTM","Q6.Likert.scale",23,NA,NA,NA,NA,2,NA,NA,NA
NA,"SENTINEL_DEEPSEEK_LTM","Q6.Likert.scale",23,NA,NA,NA,NA,2,NA,NA,NA
NA,"SENTINEL_DEEPSEEK_LTM","Q6.Likert.scale",23,NA,NA,NA,NA,4,NA,NA,NA
NA,"SENTINEL_DEEPSEEK_LTM","Q7.Likert.scale",27,NA,NA,NA,NA,NA,4,NA,NA
NA,"SENTINEL_DEEPSEEK_LTM","Q7.Likert.scale",27,NA,NA,NA,NA,NA,5,NA,NA
NA,"SENTINEL_DEEPSEEK_LTM","Q7.Likert.scale",27,NA,NA,NA,NA,NA,5,NA,NA
NA,"SENTINEL_DEEPSEEK_LTM","Q7.Likert.scale",27,NA,NA,NA,NA,NA,4,NA,NA
NA,"SENTINEL_DEEPSEEK_LTM","Q7.Likert.scale",27,NA,NA,NA,NA,NA,4,NA,NA
NA,"SENTINEL_DEEPSEEK_LTM","Q7.Likert.scale",27,NA,NA,NA,NA,NA,5,NA,NA
NA,"SENTINEL_DEEPSEEK_LTM","Q7.Likert.scale",27,NA,NA,NA,NA,NA,4,NA,NA
NA,"SENTINEL_DEEPSEEK_LTM","Q7.Likert.scale",27,NA,NA,NA,NA,NA,5,NA,NA
NA,"SENTINEL_DEEPSEEK_LTM","Q7.Likert.scale",27,NA,NA,NA,NA,NA,4,NA,NA
NA,"SENTINEL_DEEPSEEK_LTM","Q7.Likert.scale",27,NA,NA,NA,NA,NA,4,NA,NA
NA,"SENTINEL_DEEPSEEK_LTM","Q7.Likert.scale",27,NA,NA,NA,NA,NA,5,NA,NA
NA,"SENTINEL_DEEPSEEK_LTM","Q7.Likert.scale",27,NA,NA,NA,NA,NA,4,NA,NA
NA,"SENTINEL_DEEPSEEK_LTM","Q7.Likert.scale",27,NA,NA,NA,NA,NA,3,NA,NA
NA,"SENTINEL_DEEPSEEK_LTM","Q7.Likert.scale",27,NA,NA,NA,NA,NA,3,NA,NA
NA,"SENTINEL_DEEPSEEK_LTM","Q7.Likert.scale",27,NA,NA,NA,NA,NA,4,NA,NA
NA,"SENTINEL_DEEPSEEK_LTM","Q8.Likert.scale",31,NA,NA,NA,NA,NA,NA,5,NA
NA,"SENTINEL_DEEPSEEK_LTM","Q8.Likert.scale",31,NA,NA,NA,NA,NA,NA,5,NA
NA,"SENTINEL_DEEPSEEK_LTM","Q8.Likert.scale",31,NA,NA,NA,NA,NA,NA,5,NA
NA,"SENTINEL_DEEPSEEK_LTM","Q8.Likert.scale",31,NA,NA,NA,NA,NA,NA,5,NA
NA,"SENTINEL_DEEPSEEK_LTM","Q8.Likert.scale",31,NA,NA,NA,NA,NA,NA,4,NA
NA,"SENTINEL_DEEPSEEK_LTM","Q8.Likert.scale",31,NA,NA,NA,NA,NA,NA,5,NA
NA,"SENTINEL_DEEPSEEK_LTM","Q8.Likert.scale",31,NA,NA,NA,NA,NA,NA,5,NA
NA,"SENTINEL_DEEPSEEK_LTM","Q8.Likert.scale",31,NA,NA,NA,NA,NA,NA,5,NA
NA,"SENTINEL_DEEPSEEK_LTM","Q8.Likert.scale",31,NA,NA,NA,NA,NA,NA,4,NA
NA,"SENTINEL_DEEPSEEK_LTM","Q8.Likert.scale",31,NA,NA,NA,NA,NA,NA,4,NA
NA,"SENTINEL_DEEPSEEK_LTM","Q8.Likert.scale",31,NA,NA,NA,NA,NA,NA,4,NA
NA,"SENTINEL_DEEPSEEK_LTM","Q8.Likert.scale",31,NA,NA,NA,NA,NA,NA,5,NA
NA,"SENTINEL_DEEPSEEK_LTM","Q8.Likert.scale",31,NA,NA,NA,NA,NA,NA,5,NA
NA,"SENTINEL_DEEPSEEK_LTM","Q8.Likert.scale",31,NA,NA,NA,NA,NA,NA,5,NA
NA,"SENTINEL_DEEPSEEK_LTM","Q8.Likert.scale",31,NA,NA,NA,NA,NA,NA,5,NA
NA,"SENTINEL_DEEPSEEK_LTM","Q9.Likert.scale",35,NA,NA,NA,NA,NA,NA,NA,5
NA,"SENTINEL_DEEPSEEK_LTM","Q9.Likert.scale",35,NA,NA,NA,NA,NA,NA,NA,NA
NA,"SENTINEL_DEEPSEEK_LTM","Q9.Likert.scale",35,NA,NA,NA,NA,NA,NA,NA,5
NA,"SENTINEL_DEEPSEEK_LTM","Q9.Likert.scale",35,NA,NA,NA,NA,NA,NA,NA,5
NA,"SENTINEL_DEEPSEEK_LTM","Q9.Likert.scale",35,NA,NA,NA,NA,NA,NA,NA,5
NA,"SENTINEL_DEEPSEEK_LTM","Q9.Likert.scale",35,NA,NA,NA,NA,NA,NA,NA,NA
NA,"SENTINEL_DEEPSEEK_LTM","Q9.Likert.scale",35,NA,NA,NA,NA,NA,NA,NA,4
NA,"SENTINEL_DEEPSEEK_LTM","Q9.Likert.scale",35,NA,NA,NA,NA,NA,NA,NA,5
NA,"SENTINEL_DEEPSEEK_LTM","Q9.Likert.scale",35,NA,NA,NA,NA,NA,NA,NA,NA
NA,"SENTINEL_DEEPSEEK_LTM","Q9.Likert.scale",35,NA,NA,NA,NA,NA,NA,NA,5
NA,"SENTINEL_DEEPSEEK_LTM","Q9.Likert.scale",35,NA,NA,NA,NA,NA,NA,NA,5
NA,"SENTINEL_DEEPSEEK_LTM","Q9.Likert.scale",35,NA,NA,NA,NA,NA,NA,NA,NA
NA,"SENTINEL_DEEPSEEK_LTM","Q9.Likert.scale",35,NA,NA,NA,NA,NA,NA,NA,5
NA,"SENTINEL_DEEPSEEK_LTM","Q9.Likert.scale",35,NA,NA,NA,NA,NA,NA,NA,NA
NA,"SENTINEL_DEEPSEEK_LTM","Q9.Likert.scale",35,NA,NA,NA,NA,NA,NA,NA,5
5,"SENTINEL_GPT_ACT","Q1.Likert.scale",3,NA,NA,NA,NA,NA,NA,NA,NA
5,"SENTINEL_GPT_ACT","Q1.Likert.scale",3,NA,NA,NA,NA,NA,NA,NA,NA
5,"SENTINEL_GPT_ACT","Q1.Likert.scale",3,NA,NA,NA,NA,NA,NA,NA,NA
5,"SENTINEL_GPT_ACT","Q1.Likert.scale",3,NA,NA,NA,NA,NA,NA,NA,NA
3,"SENTINEL_GPT_ACT","Q1.Likert.scale",3,NA,NA,NA,NA,NA,NA,NA,NA
5,"SENTINEL_GPT_ACT","Q1.Likert.scale",3,NA,NA,NA,NA,NA,NA,NA,NA
5,"SENTINEL_GPT_ACT","Q1.Likert.scale",3,NA,NA,NA,NA,NA,NA,NA,NA
5,"SENTINEL_GPT_ACT","Q1.Likert.scale",3,NA,NA,NA,NA,NA,NA,NA,NA
5,"SENTINEL_GPT_ACT","Q1.Likert.scale",3,NA,NA,NA,NA,NA,NA,NA,NA
5,"SENTINEL_GPT_ACT","Q1.Likert.scale",3,NA,NA,NA,NA,NA,NA,NA,NA
5,"SENTINEL_GPT_ACT","Q1.Likert.scale",3,NA,NA,NA,NA,NA,NA,NA,NA
5,"SENTINEL_GPT_ACT","Q1.Likert.scale",3,NA,NA,NA,NA,NA,NA,NA,NA
3,"SENTINEL_GPT_ACT","Q1.Likert.scale",3,NA,NA,NA,NA,NA,NA,NA,NA
1,"SENTINEL_GPT_ACT","Q1.Likert.scale",3,NA,NA,NA,NA,NA,NA,NA,NA
5,"SENTINEL_GPT_ACT","Q1.Likert.scale",3,NA,NA,NA,NA,NA,NA,NA,NA
NA,"SENTINEL_GPT_ACT","Q2.Likert.scale",7,2,NA,NA,NA,NA,NA,NA,NA
NA,"SENTINEL_GPT_ACT","Q2.Likert.scale",7,1,NA,NA,NA,NA,NA,NA,NA
NA,"SENTINEL_GPT_ACT","Q2.Likert.scale",7,2,NA,NA,NA,NA,NA,NA,NA
NA,"SENTINEL_GPT_ACT","Q2.Likert.scale",7,4,NA,NA,NA,NA,NA,NA,NA
NA,"SENTINEL_GPT_ACT","Q2.Likert.scale",7,1,NA,NA,NA,NA,NA,NA,NA
NA,"SENTINEL_GPT_ACT","Q2.Likert.scale",7,2,NA,NA,NA,NA,NA,NA,NA
NA,"SENTINEL_GPT_ACT","Q2.Likert.scale",7,2,NA,NA,NA,NA,NA,NA,NA
NA,"SENTINEL_GPT_ACT","Q2.Likert.scale",7,3,NA,NA,NA,NA,NA,NA,NA
NA,"SENTINEL_GPT_ACT","Q2.Likert.scale",7,2,NA,NA,NA,NA,NA,NA,NA
NA,"SENTINEL_GPT_ACT","Q2.Likert.scale",7,2,NA,NA,NA,NA,NA,NA,NA
NA,"SENTINEL_GPT_ACT","Q2.Likert.scale",7,2,NA,NA,NA,NA,NA,NA,NA
NA,"SENTINEL_GPT_ACT","Q2.Likert.scale",7,2,NA,NA,NA,NA,NA,NA,NA
NA,"SENTINEL_GPT_ACT","Q2.Likert.scale",7,1,NA,NA,NA,NA,NA,NA,NA
NA,"SENTINEL_GPT_ACT","Q2.Likert.scale",7,3,NA,NA,NA,NA,NA,NA,NA
NA,"SENTINEL_GPT_ACT","Q2.Likert.scale",7,2,NA,NA,NA,NA,NA,NA,NA
NA,"SENTINEL_GPT_ACT","Q3.Likert.scale",11,NA,3,NA,NA,NA,NA,NA,NA
NA,"SENTINEL_GPT_ACT","Q3.Likert.scale",11,NA,1,NA,NA,NA,NA,NA,NA
NA,"SENTINEL_GPT_ACT","Q3.Likert.scale",11,NA,1,NA,NA,NA,NA,NA,NA
NA,"SENTINEL_GPT_ACT","Q3.Likert.scale",11,NA,2,NA,NA,NA,NA,NA,NA
NA,"SENTINEL_GPT_ACT","Q3.Likert.scale",11,NA,1,NA,NA,NA,NA,NA,NA
NA,"SENTINEL_GPT_ACT","Q3.Likert.scale",11,NA,1,NA,NA,NA,NA,NA,NA
NA,"SENTINEL_GPT_ACT","Q3.Likert.scale",11,NA,2,NA,NA,NA,NA,NA,NA
NA,"SENTINEL_GPT_ACT","Q3.Likert.scale",11,NA,1,NA,NA,NA,NA,NA,NA
NA,"SENTINEL_GPT_ACT","Q3.Likert.scale",11,NA,1,NA,NA,NA,NA,NA,NA
NA,"SENTINEL_GPT_ACT","Q3.Likert.scale",11,NA,1,NA,NA,NA,NA,NA,NA
NA,"SENTINEL_GPT_ACT","Q3.Likert.scale",11,NA,1,NA,NA,NA,NA,NA,NA
NA,"SENTINEL_GPT_ACT","Q3.Likert.scale",11,NA,1,NA,NA,NA,NA,NA,NA
NA,"SENTINEL_GPT_ACT","Q3.Likert.scale",11,NA,1,NA,NA,NA,NA,NA,NA
NA,"SENTINEL_GPT_ACT","Q3.Likert.scale",11,NA,1,NA,NA,NA,NA,NA,NA
NA,"SENTINEL_GPT_ACT","Q3.Likert.scale",11,NA,1,NA,NA,NA,NA,NA,NA
NA,"SENTINEL_GPT_ACT","Q4.Likert.scale",15,NA,NA,4,NA,NA,NA,NA,NA
NA,"SENTINEL_GPT_ACT","Q4.Likert.scale",15,NA,NA,NA,NA,NA,NA,NA,NA
NA,"SENTINEL_GPT_ACT","Q4.Likert.scale",15,NA,NA,4,NA,NA,NA,NA,NA
NA,"SENTINEL_GPT_ACT","Q4.Likert.scale",15,NA,NA,5,NA,NA,NA,NA,NA
NA,"SENTINEL_GPT_ACT","Q4.Likert.scale",15,NA,NA,5,NA,NA,NA,NA,NA
NA,"SENTINEL_GPT_ACT","Q4.Likert.scale",15,NA,NA,5,NA,NA,NA,NA,NA
NA,"SENTINEL_GPT_ACT","Q4.Likert.scale",15,NA,NA,5,NA,NA,NA,NA,NA
NA,"SENTINEL_GPT_ACT","Q4.Likert.scale",15,NA,NA,5,NA,NA,NA,NA,NA
NA,"SENTINEL_GPT_ACT","Q4.Likert.scale",15,NA,NA,4,NA,NA,NA,NA,NA
NA,"SENTINEL_GPT_ACT","Q4.Likert.scale",15,NA,NA,4,NA,NA,NA,NA,NA
NA,"SENTINEL_GPT_ACT","Q4.Likert.scale",15,NA,NA,4,NA,NA,NA,NA,NA
NA,"SENTINEL_GPT_ACT","Q4.Likert.scale",15,NA,NA,4,NA,NA,NA,NA,NA
NA,"SENTINEL_GPT_ACT","Q4.Likert.scale",15,NA,NA,3,NA,NA,NA,NA,NA
NA,"SENTINEL_GPT_ACT","Q4.Likert.scale",15,NA,NA,4,NA,NA,NA,NA,NA
NA,"SENTINEL_GPT_ACT","Q4.Likert.scale",15,NA,NA,NA,NA,NA,NA,NA,NA
NA,"SENTINEL_GPT_ACT","Q5.Likert.scale",19,NA,NA,NA,4,NA,NA,NA,NA
NA,"SENTINEL_GPT_ACT","Q5.Likert.scale",19,NA,NA,NA,NA,NA,NA,NA,NA
NA,"SENTINEL_GPT_ACT","Q5.Likert.scale",19,NA,NA,NA,4,NA,NA,NA,NA
NA,"SENTINEL_GPT_ACT","Q5.Likert.scale",19,NA,NA,NA,3,NA,NA,NA,NA
NA,"SENTINEL_GPT_ACT","Q5.Likert.scale",19,NA,NA,NA,3,NA,NA,NA,NA
NA,"SENTINEL_GPT_ACT","Q5.Likert.scale",19,NA,NA,NA,3,NA,NA,NA,NA
NA,"SENTINEL_GPT_ACT","Q5.Likert.scale",19,NA,NA,NA,3,NA,NA,NA,NA
NA,"SENTINEL_GPT_ACT","Q5.Likert.scale",19,NA,NA,NA,4,NA,NA,NA,NA
NA,"SENTINEL_GPT_ACT","Q5.Likert.scale",19,NA,NA,NA,3,NA,NA,NA,NA
NA,"SENTINEL_GPT_ACT","Q5.Likert.scale",19,NA,NA,NA,3,NA,NA,NA,NA
NA,"SENTINEL_GPT_ACT","Q5.Likert.scale",19,NA,NA,NA,3,NA,NA,NA,NA
NA,"SENTINEL_GPT_ACT","Q5.Likert.scale",19,NA,NA,NA,4,NA,NA,NA,NA
NA,"SENTINEL_GPT_ACT","Q5.Likert.scale",19,NA,NA,NA,2,NA,NA,NA,NA
NA,"SENTINEL_GPT_ACT","Q5.Likert.scale",19,NA,NA,NA,3,NA,NA,NA,NA
NA,"SENTINEL_GPT_ACT","Q5.Likert.scale",19,NA,NA,NA,3,NA,NA,NA,NA
NA,"SENTINEL_GPT_ACT","Q6.Likert.scale",23,NA,NA,NA,NA,3,NA,NA,NA
NA,"SENTINEL_GPT_ACT","Q6.Likert.scale",23,NA,NA,NA,NA,3,NA,NA,NA
NA,"SENTINEL_GPT_ACT","Q6.Likert.scale",23,NA,NA,NA,NA,4,NA,NA,NA
NA,"SENTINEL_GPT_ACT","Q6.Likert.scale",23,NA,NA,NA,NA,4,NA,NA,NA
NA,"SENTINEL_GPT_ACT","Q6.Likert.scale",23,NA,NA,NA,NA,2,NA,NA,NA
NA,"SENTINEL_GPT_ACT","Q6.Likert.scale",23,NA,NA,NA,NA,NA,NA,NA,NA
NA,"SENTINEL_GPT_ACT","Q6.Likert.scale",23,NA,NA,NA,NA,3,NA,NA,NA
NA,"SENTINEL_GPT_ACT","Q6.Likert.scale",23,NA,NA,NA,NA,NA,NA,NA,NA
NA,"SENTINEL_GPT_ACT","Q6.Likert.scale",23,NA,NA,NA,NA,NA,NA,NA,NA
NA,"SENTINEL_GPT_ACT","Q6.Likert.scale",23,NA,NA,NA,NA,NA,NA,NA,NA
NA,"SENTINEL_GPT_ACT","Q6.Likert.scale",23,NA,NA,NA,NA,NA,NA,NA,NA
NA,"SENTINEL_GPT_ACT","Q6.Likert.scale",23,NA,NA,NA,NA,NA,NA,NA,NA
NA,"SENTINEL_GPT_ACT","Q6.Likert.scale",23,NA,NA,NA,NA,2,NA,NA,NA
NA,"SENTINEL_GPT_ACT","Q6.Likert.scale",23,NA,NA,NA,NA,2,NA,NA,NA
NA,"SENTINEL_GPT_ACT","Q6.Likert.scale",23,NA,NA,NA,NA,3,NA,NA,NA
NA,"SENTINEL_GPT_ACT","Q7.Likert.scale",27,NA,NA,NA,NA,NA,4,NA,NA
NA,"SENTINEL_GPT_ACT","Q7.Likert.scale",27,NA,NA,NA,NA,NA,4,NA,NA
NA,"SENTINEL_GPT_ACT","Q7.Likert.scale",27,NA,NA,NA,NA,NA,5,NA,NA
NA,"SENTINEL_GPT_ACT","Q7.Likert.scale",27,NA,NA,NA,NA,NA,5,NA,NA
NA,"SENTINEL_GPT_ACT","Q7.Likert.scale",27,NA,NA,NA,NA,NA,3,NA,NA
NA,"SENTINEL_GPT_ACT","Q7.Likert.scale",27,NA,NA,NA,NA,NA,4,NA,NA
NA,"SENTINEL_GPT_ACT","Q7.Likert.scale",27,NA,NA,NA,NA,NA,4,NA,NA
NA,"SENTINEL_GPT_ACT","Q7.Likert.scale",27,NA,NA,NA,NA,NA,4,NA,NA
NA,"SENTINEL_GPT_ACT","Q7.Likert.scale",27,NA,NA,NA,NA,NA,4,NA,NA
NA,"SENTINEL_GPT_ACT","Q7.Likert.scale",27,NA,NA,NA,NA,NA,4,NA,NA
NA,"SENTINEL_GPT_ACT","Q7.Likert.scale",27,NA,NA,NA,NA,NA,4,NA,NA
NA,"SENTINEL_GPT_ACT","Q7.Likert.scale",27,NA,NA,NA,NA,NA,4,NA,NA
NA,"SENTINEL_GPT_ACT","Q7.Likert.scale",27,NA,NA,NA,NA,NA,3,NA,NA
NA,"SENTINEL_GPT_ACT","Q7.Likert.scale",27,NA,NA,NA,NA,NA,2,NA,NA
NA,"SENTINEL_GPT_ACT","Q7.Likert.scale",27,NA,NA,NA,NA,NA,4,NA,NA
NA,"SENTINEL_GPT_ACT","Q8.Likert.scale",31,NA,NA,NA,NA,NA,NA,4,NA
NA,"SENTINEL_GPT_ACT","Q8.Likert.scale",31,NA,NA,NA,NA,NA,NA,4,NA
NA,"SENTINEL_GPT_ACT","Q8.Likert.scale",31,NA,NA,NA,NA,NA,NA,5,NA
NA,"SENTINEL_GPT_ACT","Q8.Likert.scale",31,NA,NA,NA,NA,NA,NA,4,NA
NA,"SENTINEL_GPT_ACT","Q8.Likert.scale",31,NA,NA,NA,NA,NA,NA,4,NA
NA,"SENTINEL_GPT_ACT","Q8.Likert.scale",31,NA,NA,NA,NA,NA,NA,4,NA
NA,"SENTINEL_GPT_ACT","Q8.Likert.scale",31,NA,NA,NA,NA,NA,NA,4,NA
NA,"SENTINEL_GPT_ACT","Q8.Likert.scale",31,NA,NA,NA,NA,NA,NA,4,NA
NA,"SENTINEL_GPT_ACT","Q8.Likert.scale",31,NA,NA,NA,NA,NA,NA,4,NA
NA,"SENTINEL_GPT_ACT","Q8.Likert.scale",31,NA,NA,NA,NA,NA,NA,4,NA
NA,"SENTINEL_GPT_ACT","Q8.Likert.scale",31,NA,NA,NA,NA,NA,NA,3,NA
NA,"SENTINEL_GPT_ACT","Q8.Likert.scale",31,NA,NA,NA,NA,NA,NA,4,NA
NA,"SENTINEL_GPT_ACT","Q8.Likert.scale",31,NA,NA,NA,NA,NA,NA,4,NA
NA,"SENTINEL_GPT_ACT","Q8.Likert.scale",31,NA,NA,NA,NA,NA,NA,4,NA
NA,"SENTINEL_GPT_ACT","Q8.Likert.scale",31,NA,NA,NA,NA,NA,NA,4,NA
NA,"SENTINEL_GPT_ACT","Q9.Likert.scale",35,NA,NA,NA,NA,NA,NA,NA,3
NA,"SENTINEL_GPT_ACT","Q9.Likert.scale",35,NA,NA,NA,NA,NA,NA,NA,NA
NA,"SENTINEL_GPT_ACT","Q9.Likert.scale",35,NA,NA,NA,NA,NA,NA,NA,3
NA,"SENTINEL_GPT_ACT","Q9.Likert.scale",35,NA,NA,NA,NA,NA,NA,NA,3
NA,"SENTINEL_GPT_ACT","Q9.Likert.scale",35,NA,NA,NA,NA,NA,NA,NA,3
NA,"SENTINEL_GPT_ACT","Q9.Likert.scale",35,NA,NA,NA,NA,NA,NA,NA,NA
NA,"SENTINEL_GPT_ACT","Q9.Likert.scale",35,NA,NA,NA,NA,NA,NA,NA,3
NA,"SENTINEL_GPT_ACT","Q9.Likert.scale",35,NA,NA,NA,NA,NA,NA,NA,4
NA,"SENTINEL_GPT_ACT","Q9.Likert.scale",35,NA,NA,NA,NA,NA,NA,NA,NA
NA,"SENTINEL_GPT_ACT","Q9.Likert.scale",35,NA,NA,NA,NA,NA,NA,NA,4
NA,"SENTINEL_GPT_ACT","Q9.Likert.scale",35,NA,NA,NA,NA,NA,NA,NA,4
NA,"SENTINEL_GPT_ACT","Q9.Likert.scale",35,NA,NA,NA,NA,NA,NA,NA,NA
NA,"SENTINEL_GPT_ACT","Q9.Likert.scale",35,NA,NA,NA,NA,NA,NA,NA,5
NA,"SENTINEL_GPT_ACT","Q9.Likert.scale",35,NA,NA,NA,NA,NA,NA,NA,NA
NA,"SENTINEL_GPT_ACT","Q9.Likert.scale",35,NA,NA,NA,NA,NA,NA,NA,4
5,"SENTINEL_GPT_LTM","Q1.Likert.scale",3,NA,NA,NA,NA,NA,NA,NA,NA
3,"SENTINEL_GPT_LTM","Q1.Likert.scale",3,NA,NA,NA,NA,NA,NA,NA,NA
5,"SENTINEL_GPT_LTM","Q1.Likert.scale",3,NA,NA,NA,NA,NA,NA,NA,NA
5,"SENTINEL_GPT_LTM","Q1.Likert.scale",3,NA,NA,NA,NA,NA,NA,NA,NA
5,"SENTINEL_GPT_LTM","Q1.Likert.scale",3,NA,NA,NA,NA,NA,NA,NA,NA
5,"SENTINEL_GPT_LTM","Q1.Likert.scale",3,NA,NA,NA,NA,NA,NA,NA,NA
4,"SENTINEL_GPT_LTM","Q1.Likert.scale",3,NA,NA,NA,NA,NA,NA,NA,NA
5,"SENTINEL_GPT_LTM","Q1.Likert.scale",3,NA,NA,NA,NA,NA,NA,NA,NA
4,"SENTINEL_GPT_LTM","Q1.Likert.scale",3,NA,NA,NA,NA,NA,NA,NA,NA
4,"SENTINEL_GPT_LTM","Q1.Likert.scale",3,NA,NA,NA,NA,NA,NA,NA,NA
4,"SENTINEL_GPT_LTM","Q1.Likert.scale",3,NA,NA,NA,NA,NA,NA,NA,NA
4,"SENTINEL_GPT_LTM","Q1.Likert.scale",3,NA,NA,NA,NA,NA,NA,NA,NA
5,"SENTINEL_GPT_LTM","Q1.Likert.scale",3,NA,NA,NA,NA,NA,NA,NA,NA
3,"SENTINEL_GPT_LTM","Q1.Likert.scale",3,NA,NA,NA,NA,NA,NA,NA,NA
5,"SENTINEL_GPT_LTM","Q1.Likert.scale",3,NA,NA,NA,NA,NA,NA,NA,NA
NA,"SENTINEL_GPT_LTM","Q2.Likert.scale",7,5,NA,NA,NA,NA,NA,NA,NA
NA,"SENTINEL_GPT_LTM","Q2.Likert.scale",7,4,NA,NA,NA,NA,NA,NA,NA
NA,"SENTINEL_GPT_LTM","Q2.Likert.scale",7,1,NA,NA,NA,NA,NA,NA,NA
NA,"SENTINEL_GPT_LTM","Q2.Likert.scale",7,5,NA,NA,NA,NA,NA,NA,NA
NA,"SENTINEL_GPT_LTM","Q2.Likert.scale",7,2,NA,NA,NA,NA,NA,NA,NA
NA,"SENTINEL_GPT_LTM","Q2.Likert.scale",7,4,NA,NA,NA,NA,NA,NA,NA
NA,"SENTINEL_GPT_LTM","Q2.Likert.scale",7,3,NA,NA,NA,NA,NA,NA,NA
NA,"SENTINEL_GPT_LTM","Q2.Likert.scale",7,5,NA,NA,NA,NA,NA,NA,NA
NA,"SENTINEL_GPT_LTM","Q2.Likert.scale",7,2,NA,NA,NA,NA,NA,NA,NA
NA,"SENTINEL_GPT_LTM","Q2.Likert.scale",7,5,NA,NA,NA,NA,NA,NA,NA
NA,"SENTINEL_GPT_LTM","Q2.Likert.scale",7,3,NA,NA,NA,NA,NA,NA,NA
NA,"SENTINEL_GPT_LTM","Q2.Likert.scale",7,4,NA,NA,NA,NA,NA,NA,NA
NA,"SENTINEL_GPT_LTM","Q2.Likert.scale",7,3,NA,NA,NA,NA,NA,NA,NA
NA,"SENTINEL_GPT_LTM","Q2.Likert.scale",7,4,NA,NA,NA,NA,NA,NA,NA
NA,"SENTINEL_GPT_LTM","Q2.Likert.scale",7,5,NA,NA,NA,NA,NA,NA,NA
NA,"SENTINEL_GPT_LTM","Q3.Likert.scale",11,NA,4,NA,NA,NA,NA,NA,NA
NA,"SENTINEL_GPT_LTM","Q3.Likert.scale",11,NA,3,NA,NA,NA,NA,NA,NA
NA,"SENTINEL_GPT_LTM","Q3.Likert.scale",11,NA,3,NA,NA,NA,NA,NA,NA
NA,"SENTINEL_GPT_LTM","Q3.Likert.scale",11,NA,3,NA,NA,NA,NA,NA,NA
NA,"SENTINEL_GPT_LTM","Q3.Likert.scale",11,NA,2,NA,NA,NA,NA,NA,NA
NA,"SENTINEL_GPT_LTM","Q3.Likert.scale",11,NA,2,NA,NA,NA,NA,NA,NA
NA,"SENTINEL_GPT_LTM","Q3.Likert.scale",11,NA,3,NA,NA,NA,NA,NA,NA
NA,"SENTINEL_GPT_LTM","Q3.Likert.scale",11,NA,4,NA,NA,NA,NA,NA,NA
NA,"SENTINEL_GPT_LTM","Q3.Likert.scale",11,NA,3,NA,NA,NA,NA,NA,NA
NA,"SENTINEL_GPT_LTM","Q3.Likert.scale",11,NA,4,NA,NA,NA,NA,NA,NA
NA,"SENTINEL_GPT_LTM","Q3.Likert.scale",11,NA,2,NA,NA,NA,NA,NA,NA
NA,"SENTINEL_GPT_LTM","Q3.Likert.scale",11,NA,3,NA,NA,NA,NA,NA,NA
NA,"SENTINEL_GPT_LTM","Q3.Likert.scale",11,NA,4,NA,NA,NA,NA,NA,NA
NA,"SENTINEL_GPT_LTM","Q3.Likert.scale",11,NA,3,NA,NA,NA,NA,NA,NA
NA,"SENTINEL_GPT_LTM","Q3.Likert.scale",11,NA,4,NA,NA,NA,NA,NA,NA
NA,"SENTINEL_GPT_LTM","Q4.Likert.scale",15,NA,NA,4,NA,NA,NA,NA,NA
NA,"SENTINEL_GPT_LTM","Q4.Likert.scale",15,NA,NA,NA,NA,NA,NA,NA,NA
NA,"SENTINEL_GPT_LTM","Q4.Likert.scale",15,NA,NA,5,NA,NA,NA,NA,NA
NA,"SENTINEL_GPT_LTM","Q4.Likert.scale",15,NA,NA,5,NA,NA,NA,NA,NA
NA,"SENTINEL_GPT_LTM","Q4.Likert.scale",15,NA,NA,4,NA,NA,NA,NA,NA
NA,"SENTINEL_GPT_LTM","Q4.Likert.scale",15,NA,NA,4,NA,NA,NA,NA,NA
NA,"SENTINEL_GPT_LTM","Q4.Likert.scale",15,NA,NA,4,NA,NA,NA,NA,NA
NA,"SENTINEL_GPT_LTM","Q4.Likert.scale",15,NA,NA,4,NA,NA,NA,NA,NA
NA,"SENTINEL_GPT_LTM","Q4.Likert.scale",15,NA,NA,2,NA,NA,NA,NA,NA
NA,"SENTINEL_GPT_LTM","Q4.Likert.scale",15,NA,NA,3,NA,NA,NA,NA,NA
NA,"SENTINEL_GPT_LTM","Q4.Likert.scale",15,NA,NA,2,NA,NA,NA,NA,NA
NA,"SENTINEL_GPT_LTM","Q4.Likert.scale",15,NA,NA,4,NA,NA,NA,NA,NA
NA,"SENTINEL_GPT_LTM","Q4.Likert.scale",15,NA,NA,4,NA,NA,NA,NA,NA
NA,"SENTINEL_GPT_LTM","Q4.Likert.scale",15,NA,NA,4,NA,NA,NA,NA,NA
NA,"SENTINEL_GPT_LTM","Q4.Likert.scale",15,NA,NA,5,NA,NA,NA,NA,NA
NA,"SENTINEL_GPT_LTM","Q5.Likert.scale",19,NA,NA,NA,4,NA,NA,NA,NA
NA,"SENTINEL_GPT_LTM","Q5.Likert.scale",19,NA,NA,NA,NA,NA,NA,NA,NA
NA,"SENTINEL_GPT_LTM","Q5.Likert.scale",19,NA,NA,NA,3,NA,NA,NA,NA
NA,"SENTINEL_GPT_LTM","Q5.Likert.scale",19,NA,NA,NA,4,NA,NA,NA,NA
NA,"SENTINEL_GPT_LTM","Q5.Likert.scale",19,NA,NA,NA,3,NA,NA,NA,NA
NA,"SENTINEL_GPT_LTM","Q5.Likert.scale",19,NA,NA,NA,4,NA,NA,NA,NA
NA,"SENTINEL_GPT_LTM","Q5.Likert.scale",19,NA,NA,NA,4,NA,NA,NA,NA
NA,"SENTINEL_GPT_LTM","Q5.Likert.scale",19,NA,NA,NA,3,NA,NA,NA,NA
NA,"SENTINEL_GPT_LTM","Q5.Likert.scale",19,NA,NA,NA,3,NA,NA,NA,NA
NA,"SENTINEL_GPT_LTM","Q5.Likert.scale",19,NA,NA,NA,5,NA,NA,NA,NA
NA,"SENTINEL_GPT_LTM","Q5.Likert.scale",19,NA,NA,NA,4,NA,NA,NA,NA
NA,"SENTINEL_GPT_LTM","Q5.Likert.scale",19,NA,NA,NA,5,NA,NA,NA,NA
NA,"SENTINEL_GPT_LTM","Q5.Likert.scale",19,NA,NA,NA,3,NA,NA,NA,NA
NA,"SENTINEL_GPT_LTM","Q5.Likert.scale",19,NA,NA,NA,5,NA,NA,NA,NA
NA,"SENTINEL_GPT_LTM","Q5.Likert.scale",19,NA,NA,NA,5,NA,NA,NA,NA
NA,"SENTINEL_GPT_LTM","Q6.Likert.scale",23,NA,NA,NA,NA,5,NA,NA,NA
NA,"SENTINEL_GPT_LTM","Q6.Likert.scale",23,NA,NA,NA,NA,2,NA,NA,NA
NA,"SENTINEL_GPT_LTM","Q6.Likert.scale",23,NA,NA,NA,NA,5,NA,NA,NA
NA,"SENTINEL_GPT_LTM","Q6.Likert.scale",23,NA,NA,NA,NA,5,NA,NA,NA
NA,"SENTINEL_GPT_LTM","Q6.Likert.scale",23,NA,NA,NA,NA,3,NA,NA,NA
NA,"SENTINEL_GPT_LTM","Q6.Likert.scale",23,NA,NA,NA,NA,NA,NA,NA,NA
NA,"SENTINEL_GPT_LTM","Q6.Likert.scale",23,NA,NA,NA,NA,3,NA,NA,NA
NA,"SENTINEL_GPT_LTM","Q6.Likert.scale",23,NA,NA,NA,NA,NA,NA,NA,NA
NA,"SENTINEL_GPT_LTM","Q6.Likert.scale",23,NA,NA,NA,NA,NA,NA,NA,NA
NA,"SENTINEL_GPT_LTM","Q6.Likert.scale",23,NA,NA,NA,NA,NA,NA,NA,NA
NA,"SENTINEL_GPT_LTM","Q6.Likert.scale",23,NA,NA,NA,NA,NA,NA,NA,NA
NA,"SENTINEL_GPT_LTM","Q6.Likert.scale",23,NA,NA,NA,NA,NA,NA,NA,NA
NA,"SENTINEL_GPT_LTM","Q6.Likert.scale",23,NA,NA,NA,NA,2,NA,NA,NA
NA,"SENTINEL_GPT_LTM","Q6.Likert.scale",23,NA,NA,NA,NA,3,NA,NA,NA
NA,"SENTINEL_GPT_LTM","Q6.Likert.scale",23,NA,NA,NA,NA,3,NA,NA,NA
NA,"SENTINEL_GPT_LTM","Q7.Likert.scale",27,NA,NA,NA,NA,NA,4,NA,NA
NA,"SENTINEL_GPT_LTM","Q7.Likert.scale",27,NA,NA,NA,NA,NA,4,NA,NA
NA,"SENTINEL_GPT_LTM","Q7.Likert.scale",27,NA,NA,NA,NA,NA,4,NA,NA
NA,"SENTINEL_GPT_LTM","Q7.Likert.scale",27,NA,NA,NA,NA,NA,4,NA,NA
NA,"SENTINEL_GPT_LTM","Q7.Likert.scale",27,NA,NA,NA,NA,NA,5,NA,NA
NA,"SENTINEL_GPT_LTM","Q7.Likert.scale",27,NA,NA,NA,NA,NA,4,NA,NA
NA,"SENTINEL_GPT_LTM","Q7.Likert.scale",27,NA,NA,NA,NA,NA,2,NA,NA
NA,"SENTINEL_GPT_LTM","Q7.Likert.scale",27,NA,NA,NA,NA,NA,4,NA,NA
NA,"SENTINEL_GPT_LTM","Q7.Likert.scale",27,NA,NA,NA,NA,NA,4,NA,NA
NA,"SENTINEL_GPT_LTM","Q7.Likert.scale",27,NA,NA,NA,NA,NA,4,NA,NA
NA,"SENTINEL_GPT_LTM","Q7.Likert.scale",27,NA,NA,NA,NA,NA,4,NA,NA
NA,"SENTINEL_GPT_LTM","Q7.Likert.scale",27,NA,NA,NA,NA,NA,4,NA,NA
NA,"SENTINEL_GPT_LTM","Q7.Likert.scale",27,NA,NA,NA,NA,NA,2,NA,NA
NA,"SENTINEL_GPT_LTM","Q7.Likert.scale",27,NA,NA,NA,NA,NA,3,NA,NA
NA,"SENTINEL_GPT_LTM","Q7.Likert.scale",27,NA,NA,NA,NA,NA,5,NA,NA
NA,"SENTINEL_GPT_LTM","Q8.Likert.scale",31,NA,NA,NA,NA,NA,NA,3,NA
NA,"SENTINEL_GPT_LTM","Q8.Likert.scale",31,NA,NA,NA,NA,NA,NA,3,NA
NA,"SENTINEL_GPT_LTM","Q8.Likert.scale",31,NA,NA,NA,NA,NA,NA,4,NA
NA,"SENTINEL_GPT_LTM","Q8.Likert.scale",31,NA,NA,NA,NA,NA,NA,4,NA
NA,"SENTINEL_GPT_LTM","Q8.Likert.scale",31,NA,NA,NA,NA,NA,NA,4,NA
NA,"SENTINEL_GPT_LTM","Q8.Likert.scale",31,NA,NA,NA,NA,NA,NA,4,NA
NA,"SENTINEL_GPT_LTM","Q8.Likert.scale",31,NA,NA,NA,NA,NA,NA,4,NA
NA,"SENTINEL_GPT_LTM","Q8.Likert.scale",31,NA,NA,NA,NA,NA,NA,4,NA
NA,"SENTINEL_GPT_LTM","Q8.Likert.scale",31,NA,NA,NA,NA,NA,NA,4,NA
NA,"SENTINEL_GPT_LTM","Q8.Likert.scale",31,NA,NA,NA,NA,NA,NA,4,NA
NA,"SENTINEL_GPT_LTM","Q8.Likert.scale",31,NA,NA,NA,NA,NA,NA,4,NA
NA,"SENTINEL_GPT_LTM","Q8.Likert.scale",31,NA,NA,NA,NA,NA,NA,5,NA
NA,"SENTINEL_GPT_LTM","Q8.Likert.scale",31,NA,NA,NA,NA,NA,NA,4,NA
NA,"SENTINEL_GPT_LTM","Q8.Likert.scale",31,NA,NA,NA,NA,NA,NA,4,NA
NA,"SENTINEL_GPT_LTM","Q8.Likert.scale",31,NA,NA,NA,NA,NA,NA,4,NA
NA,"SENTINEL_GPT_LTM","Q9.Likert.scale",35,NA,NA,NA,NA,NA,NA,NA,4
NA,"SENTINEL_GPT_LTM","Q9.Likert.scale",35,NA,NA,NA,NA,NA,NA,NA,NA
NA,"SENTINEL_GPT_LTM","Q9.Likert.scale",35,NA,NA,NA,NA,NA,NA,NA,4
NA,"SENTINEL_GPT_LTM","Q9.Likert.scale",35,NA,NA,NA,NA,NA,NA,NA,4
NA,"SENTINEL_GPT_LTM","Q9.Likert.scale",35,NA,NA,NA,NA,NA,NA,NA,4
NA,"SENTINEL_GPT_LTM","Q9.Likert.scale",35,NA,NA,NA,NA,NA,NA,NA,NA
NA,"SENTINEL_GPT_LTM","Q9.Likert.scale",35,NA,NA,NA,NA,NA,NA,NA,4
NA,"SENTINEL_GPT_LTM","Q9.Likert.scale",35,NA,NA,NA,NA,NA,NA,NA,4
NA,"SENTINEL_GPT_LTM","Q9.Likert.scale",35,NA,NA,NA,NA,NA,NA,NA,NA
NA,"SENTINEL_GPT_LTM","Q9.Likert.scale",35,NA,NA,NA,NA,NA,NA,NA,3
NA,"SENTINEL_GPT_LTM","Q9.Likert.scale",35,NA,NA,NA,NA,NA,NA,NA,3
NA,"SENTINEL_GPT_LTM","Q9.Likert.scale",35,NA,NA,NA,NA,NA,NA,NA,NA
NA,"SENTINEL_GPT_LTM","Q9.Likert.scale",35,NA,NA,NA,NA,NA,NA,NA,3
NA,"SENTINEL_GPT_LTM","Q9.Likert.scale",35,NA,NA,NA,NA,NA,NA,NA,NA
NA,"SENTINEL_GPT_LTM","Q9.Likert.scale",35,NA,NA,NA,NA,NA,NA,NA,3
5,"SENTINEL_Irath_LTM","Q1.Likert.scale",3,NA,NA,NA,NA,NA,NA,NA,NA
5,"SENTINEL_Irath_LTM","Q1.Likert.scale",3,NA,NA,NA,NA,NA,NA,NA,NA
5,"SENTINEL_Irath_LTM","Q1.Likert.scale",3,NA,NA,NA,NA,NA,NA,NA,NA
2,"SENTINEL_Irath_LTM","Q1.Likert.scale",3,NA,NA,NA,NA,NA,NA,NA,NA
3,"SENTINEL_Irath_LTM","Q1.Likert.scale",3,NA,NA,NA,NA,NA,NA,NA,NA
5,"SENTINEL_Irath_LTM","Q1.Likert.scale",3,NA,NA,NA,NA,NA,NA,NA,NA
3,"SENTINEL_Irath_LTM","Q1.Likert.scale",3,NA,NA,NA,NA,NA,NA,NA,NA
2,"SENTINEL_Irath_LTM","Q1.Likert.scale",3,NA,NA,NA,NA,NA,NA,NA,NA
2,"SENTINEL_Irath_LTM","Q1.Likert.scale",3,NA,NA,NA,NA,NA,NA,NA,NA
4,"SENTINEL_Irath_LTM","Q1.Likert.scale",3,NA,NA,NA,NA,NA,NA,NA,NA
4,"SENTINEL_Irath_LTM","Q1.Likert.scale",3,NA,NA,NA,NA,NA,NA,NA,NA
5,"SENTINEL_Irath_LTM","Q1.Likert.scale",3,NA,NA,NA,NA,NA,NA,NA,NA
2,"SENTINEL_Irath_LTM","Q1.Likert.scale",3,NA,NA,NA,NA,NA,NA,NA,NA
3,"SENTINEL_Irath_LTM","Q1.Likert.scale",3,NA,NA,NA,NA,NA,NA,NA,NA
3,"SENTINEL_Irath_LTM","Q1.Likert.scale",3,NA,NA,NA,NA,NA,NA,NA,NA
NA,"SENTINEL_Irath_LTM","Q2.Likert.scale",7,2,NA,NA,NA,NA,NA,NA,NA
NA,"SENTINEL_Irath_LTM","Q2.Likert.scale",7,2,NA,NA,NA,NA,NA,NA,NA
NA,"SENTINEL_Irath_LTM","Q2.Likert.scale",7,2,NA,NA,NA,NA,NA,NA,NA
NA,"SENTINEL_Irath_LTM","Q2.Likert.scale",7,2,NA,NA,NA,NA,NA,NA,NA
NA,"SENTINEL_Irath_LTM","Q2.Likert.scale",7,2,NA,NA,NA,NA,NA,NA,NA
NA,"SENTINEL_Irath_LTM","Q2.Likert.scale",7,2,NA,NA,NA,NA,NA,NA,NA
NA,"SENTINEL_Irath_LTM","Q2.Likert.scale",7,2,NA,NA,NA,NA,NA,NA,NA
NA,"SENTINEL_Irath_LTM","Q2.Likert.scale",7,2,NA,NA,NA,NA,NA,NA,NA
NA,"SENTINEL_Irath_LTM","Q2.Likert.scale",7,2,NA,NA,NA,NA,NA,NA,NA
NA,"SENTINEL_Irath_LTM","Q2.Likert.scale",7,2,NA,NA,NA,NA,NA,NA,NA
NA,"SENTINEL_Irath_LTM","Q2.Likert.scale",7,3,NA,NA,NA,NA,NA,NA,NA
NA,"SENTINEL_Irath_LTM","Q2.Likert.scale",7,5,NA,NA,NA,NA,NA,NA,NA
NA,"SENTINEL_Irath_LTM","Q2.Likert.scale",7,1,NA,NA,NA,NA,NA,NA,NA
NA,"SENTINEL_Irath_LTM","Q2.Likert.scale",7,2,NA,NA,NA,NA,NA,NA,NA
NA,"SENTINEL_Irath_LTM","Q2.Likert.scale",7,3,NA,NA,NA,NA,NA,NA,NA
NA,"SENTINEL_Irath_LTM","Q3.Likert.scale",11,NA,1,NA,NA,NA,NA,NA,NA
NA,"SENTINEL_Irath_LTM","Q3.Likert.scale",11,NA,1,NA,NA,NA,NA,NA,NA
NA,"SENTINEL_Irath_LTM","Q3.Likert.scale",11,NA,2,NA,NA,NA,NA,NA,NA
NA,"SENTINEL_Irath_LTM","Q3.Likert.scale",11,NA,2,NA,NA,NA,NA,NA,NA
NA,"SENTINEL_Irath_LTM","Q3.Likert.scale",11,NA,1,NA,NA,NA,NA,NA,NA
NA,"SENTINEL_Irath_LTM","Q3.Likert.scale",11,NA,2,NA,NA,NA,NA,NA,NA
NA,"SENTINEL_Irath_LTM","Q3.Likert.scale",11,NA,2,NA,NA,NA,NA,NA,NA
NA,"SENTINEL_Irath_LTM","Q3.Likert.scale",11,NA,1,NA,NA,NA,NA,NA,NA
NA,"SENTINEL_Irath_LTM","Q3.Likert.scale",11,NA,2,NA,NA,NA,NA,NA,NA
NA,"SENTINEL_Irath_LTM","Q3.Likert.scale",11,NA,2,NA,NA,NA,NA,NA,NA
NA,"SENTINEL_Irath_LTM","Q3.Likert.scale",11,NA,1,NA,NA,NA,NA,NA,NA
NA,"SENTINEL_Irath_LTM","Q3.Likert.scale",11,NA,1,NA,NA,NA,NA,NA,NA
NA,"SENTINEL_Irath_LTM","Q3.Likert.scale",11,NA,1,NA,NA,NA,NA,NA,NA
NA,"SENTINEL_Irath_LTM","Q3.Likert.scale",11,NA,2,NA,NA,NA,NA,NA,NA
NA,"SENTINEL_Irath_LTM","Q3.Likert.scale",11,NA,1,NA,NA,NA,NA,NA,NA
NA,"SENTINEL_Irath_LTM","Q4.Likert.scale",15,NA,NA,1,NA,NA,NA,NA,NA
NA,"SENTINEL_Irath_LTM","Q4.Likert.scale",15,NA,NA,NA,NA,NA,NA,NA,NA
NA,"SENTINEL_Irath_LTM","Q4.Likert.scale",15,NA,NA,2,NA,NA,NA,NA,NA
NA,"SENTINEL_Irath_LTM","Q4.Likert.scale",15,NA,NA,2,NA,NA,NA,NA,NA
NA,"SENTINEL_Irath_LTM","Q4.Likert.scale",15,NA,NA,2,NA,NA,NA,NA,NA
NA,"SENTINEL_Irath_LTM","Q4.Likert.scale",15,NA,NA,2,NA,NA,NA,NA,NA
NA,"SENTINEL_Irath_LTM","Q4.Likert.scale",15,NA,NA,2,NA,NA,NA,NA,NA
NA,"SENTINEL_Irath_LTM","Q4.Likert.scale",15,NA,NA,1,NA,NA,NA,NA,NA
NA,"SENTINEL_Irath_LTM","Q4.Likert.scale",15,NA,NA,3,NA,NA,NA,NA,NA
NA,"SENTINEL_Irath_LTM","Q4.Likert.scale",15,NA,NA,1,NA,NA,NA,NA,NA
NA,"SENTINEL_Irath_LTM","Q4.Likert.scale",15,NA,NA,2,NA,NA,NA,NA,NA
NA,"SENTINEL_Irath_LTM","Q4.Likert.scale",15,NA,NA,1,NA,NA,NA,NA,NA
NA,"SENTINEL_Irath_LTM","Q4.Likert.scale",15,NA,NA,1,NA,NA,NA,NA,NA
NA,"SENTINEL_Irath_LTM","Q4.Likert.scale",15,NA,NA,4,NA,NA,NA,NA,NA
NA,"SENTINEL_Irath_LTM","Q4.Likert.scale",15,NA,NA,NA,NA,NA,NA,NA,NA
NA,"SENTINEL_Irath_LTM","Q5.Likert.scale",19,NA,NA,NA,1,NA,NA,NA,NA
NA,"SENTINEL_Irath_LTM","Q5.Likert.scale",19,NA,NA,NA,NA,NA,NA,NA,NA
NA,"SENTINEL_Irath_LTM","Q5.Likert.scale",19,NA,NA,NA,1,NA,NA,NA,NA
NA,"SENTINEL_Irath_LTM","Q5.Likert.scale",19,NA,NA,NA,1,NA,NA,NA,NA
NA,"SENTINEL_Irath_LTM","Q5.Likert.scale",19,NA,NA,NA,1,NA,NA,NA,NA
NA,"SENTINEL_Irath_LTM","Q5.Likert.scale",19,NA,NA,NA,2,NA,NA,NA,NA
NA,"SENTINEL_Irath_LTM","Q5.Likert.scale",19,NA,NA,NA,2,NA,NA,NA,NA
NA,"SENTINEL_Irath_LTM","Q5.Likert.scale",19,NA,NA,NA,2,NA,NA,NA,NA
NA,"SENTINEL_Irath_LTM","Q5.Likert.scale",19,NA,NA,NA,2,NA,NA,NA,NA
NA,"SENTINEL_Irath_LTM","Q5.Likert.scale",19,NA,NA,NA,1,NA,NA,NA,NA
NA,"SENTINEL_Irath_LTM","Q5.Likert.scale",19,NA,NA,NA,2,NA,NA,NA,NA
NA,"SENTINEL_Irath_LTM","Q5.Likert.scale",19,NA,NA,NA,5,NA,NA,NA,NA
NA,"SENTINEL_Irath_LTM","Q5.Likert.scale",19,NA,NA,NA,1,NA,NA,NA,NA
NA,"SENTINEL_Irath_LTM","Q5.Likert.scale",19,NA,NA,NA,2,NA,NA,NA,NA
NA,"SENTINEL_Irath_LTM","Q5.Likert.scale",19,NA,NA,NA,2,NA,NA,NA,NA
NA,"SENTINEL_Irath_LTM","Q6.Likert.scale",23,NA,NA,NA,NA,3,NA,NA,NA
NA,"SENTINEL_Irath_LTM","Q6.Likert.scale",23,NA,NA,NA,NA,2,NA,NA,NA
NA,"SENTINEL_Irath_LTM","Q6.Likert.scale",23,NA,NA,NA,NA,4,NA,NA,NA
NA,"SENTINEL_Irath_LTM","Q6.Likert.scale",23,NA,NA,NA,NA,2,NA,NA,NA
NA,"SENTINEL_Irath_LTM","Q6.Likert.scale",23,NA,NA,NA,NA,2,NA,NA,NA
NA,"SENTINEL_Irath_LTM","Q6.Likert.scale",23,NA,NA,NA,NA,NA,NA,NA,NA
NA,"SENTINEL_Irath_LTM","Q6.Likert.scale",23,NA,NA,NA,NA,3,NA,NA,NA
NA,"SENTINEL_Irath_LTM","Q6.Likert.scale",23,NA,NA,NA,NA,NA,NA,NA,NA
NA,"SENTINEL_Irath_LTM","Q6.Likert.scale",23,NA,NA,NA,NA,NA,NA,NA,NA
NA,"SENTINEL_Irath_LTM","Q6.Likert.scale",23,NA,NA,NA,NA,NA,NA,NA,NA
NA,"SENTINEL_Irath_LTM","Q6.Likert.scale",23,NA,NA,NA,NA,NA,NA,NA,NA
NA,"SENTINEL_Irath_LTM","Q6.Likert.scale",23,NA,NA,NA,NA,NA,NA,NA,NA
NA,"SENTINEL_Irath_LTM","Q6.Likert.scale",23,NA,NA,NA,NA,2,NA,NA,NA
NA,"SENTINEL_Irath_LTM","Q6.Likert.scale",23,NA,NA,NA,NA,4,NA,NA,NA
NA,"SENTINEL_Irath_LTM","Q6.Likert.scale",23,NA,NA,NA,NA,3,NA,NA,NA
NA,"SENTINEL_Irath_LTM","Q7.Likert.scale",27,NA,NA,NA,NA,NA,3,NA,NA
NA,"SENTINEL_Irath_LTM","Q7.Likert.scale",27,NA,NA,NA,NA,NA,3,NA,NA
NA,"SENTINEL_Irath_LTM","Q7.Likert.scale",27,NA,NA,NA,NA,NA,3,NA,NA
NA,"SENTINEL_Irath_LTM","Q7.Likert.scale",27,NA,NA,NA,NA,NA,2,NA,NA
NA,"SENTINEL_Irath_LTM","Q7.Likert.scale",27,NA,NA,NA,NA,NA,2,NA,NA
NA,"SENTINEL_Irath_LTM","Q7.Likert.scale",27,NA,NA,NA,NA,NA,2,NA,NA
NA,"SENTINEL_Irath_LTM","Q7.Likert.scale",27,NA,NA,NA,NA,NA,2,NA,NA
NA,"SENTINEL_Irath_LTM","Q7.Likert.scale",27,NA,NA,NA,NA,NA,2,NA,NA
NA,"SENTINEL_Irath_LTM","Q7.Likert.scale",27,NA,NA,NA,NA,NA,3,NA,NA
NA,"SENTINEL_Irath_LTM","Q7.Likert.scale",27,NA,NA,NA,NA,NA,3,NA,NA
NA,"SENTINEL_Irath_LTM","Q7.Likert.scale",27,NA,NA,NA,NA,NA,2,NA,NA
NA,"SENTINEL_Irath_LTM","Q7.Likert.scale",27,NA,NA,NA,NA,NA,3,NA,NA
NA,"SENTINEL_Irath_LTM","Q7.Likert.scale",27,NA,NA,NA,NA,NA,3,NA,NA
NA,"SENTINEL_Irath_LTM","Q7.Likert.scale",27,NA,NA,NA,NA,NA,2,NA,NA
NA,"SENTINEL_Irath_LTM","Q7.Likert.scale",27,NA,NA,NA,NA,NA,2,NA,NA
NA,"SENTINEL_Irath_LTM","Q8.Likert.scale",31,NA,NA,NA,NA,NA,NA,2,NA
NA,"SENTINEL_Irath_LTM","Q8.Likert.scale",31,NA,NA,NA,NA,NA,NA,2,NA
NA,"SENTINEL_Irath_LTM","Q8.Likert.scale",31,NA,NA,NA,NA,NA,NA,2,NA
NA,"SENTINEL_Irath_LTM","Q8.Likert.scale",31,NA,NA,NA,NA,NA,NA,2,NA
NA,"SENTINEL_Irath_LTM","Q8.Likert.scale",31,NA,NA,NA,NA,NA,NA,2,NA
NA,"SENTINEL_Irath_LTM","Q8.Likert.scale",31,NA,NA,NA,NA,NA,NA,2,NA
NA,"SENTINEL_Irath_LTM","Q8.Likert.scale",31,NA,NA,NA,NA,NA,NA,2,NA
NA,"SENTINEL_Irath_LTM","Q8.Likert.scale",31,NA,NA,NA,NA,NA,NA,2,NA
NA,"SENTINEL_Irath_LTM","Q8.Likert.scale",31,NA,NA,NA,NA,NA,NA,3,NA
NA,"SENTINEL_Irath_LTM","Q8.Likert.scale",31,NA,NA,NA,NA,NA,NA,2,NA
NA,"SENTINEL_Irath_LTM","Q8.Likert.scale",31,NA,NA,NA,NA,NA,NA,2,NA
NA,"SENTINEL_Irath_LTM","Q8.Likert.scale",31,NA,NA,NA,NA,NA,NA,3,NA
NA,"SENTINEL_Irath_LTM","Q8.Likert.scale",31,NA,NA,NA,NA,NA,NA,2,NA
NA,"SENTINEL_Irath_LTM","Q8.Likert.scale",31,NA,NA,NA,NA,NA,NA,2,NA
NA,"SENTINEL_Irath_LTM","Q8.Likert.scale",31,NA,NA,NA,NA,NA,NA,2,NA
NA,"SENTINEL_Irath_LTM","Q9.Likert.scale",35,NA,NA,NA,NA,NA,NA,NA,2
NA,"SENTINEL_Irath_LTM","Q9.Likert.scale",35,NA,NA,NA,NA,NA,NA,NA,NA
NA,"SENTINEL_Irath_LTM","Q9.Likert.scale",35,NA,NA,NA,NA,NA,NA,NA,3
NA,"SENTINEL_Irath_LTM","Q9.Likert.scale",35,NA,NA,NA,NA,NA,NA,NA,3
NA,"SENTINEL_Irath_LTM","Q9.Likert.scale",35,NA,NA,NA,NA,NA,NA,NA,2
NA,"SENTINEL_Irath_LTM","Q9.Likert.scale",35,NA,NA,NA,NA,NA,NA,NA,NA
NA,"SENTINEL_Irath_LTM","Q9.Likert.scale",35,NA,NA,NA,NA,NA,NA,NA,4
NA,"SENTINEL_Irath_LTM","Q9.Likert.scale",35,NA,NA,NA,NA,NA,NA,NA,2
NA,"SENTINEL_Irath_LTM","Q9.Likert.scale",35,NA,NA,NA,NA,NA,NA,NA,NA
NA,"SENTINEL_Irath_LTM","Q9.Likert.scale",35,NA,NA,NA,NA,NA,NA,NA,3
NA,"SENTINEL_Irath_LTM","Q9.Likert.scale",35,NA,NA,NA,NA,NA,NA,NA,3
NA,"SENTINEL_Irath_LTM","Q9.Likert.scale",35,NA,NA,NA,NA,NA,NA,NA,NA
NA,"SENTINEL_Irath_LTM","Q9.Likert.scale",35,NA,NA,NA,NA,NA,NA,NA,2
NA,"SENTINEL_Irath_LTM","Q9.Likert.scale",35,NA,NA,NA,NA,NA,NA,NA,NA
NA,"SENTINEL_Irath_LTM","Q9.Likert.scale",35,NA,NA,NA,NA,NA,NA,NA,3
5,"SENTINEL_Llama_LTM","Q1.Likert.scale",3,NA,NA,NA,NA,NA,NA,NA,NA
5,"SENTINEL_Llama_LTM","Q1.Likert.scale",3,NA,NA,NA,NA,NA,NA,NA,NA
3,"SENTINEL_Llama_LTM","Q1.Likert.scale",3,NA,NA,NA,NA,NA,NA,NA,NA
5,"SENTINEL_Llama_LTM","Q1.Likert.scale",3,NA,NA,NA,NA,NA,NA,NA,NA
3,"SENTINEL_Llama_LTM","Q1.Likert.scale",3,NA,NA,NA,NA,NA,NA,NA,NA
5,"SENTINEL_Llama_LTM","Q1.Likert.scale",3,NA,NA,NA,NA,NA,NA,NA,NA
3,"SENTINEL_Llama_LTM","Q1.Likert.scale",3,NA,NA,NA,NA,NA,NA,NA,NA
3,"SENTINEL_Llama_LTM","Q1.Likert.scale",3,NA,NA,NA,NA,NA,NA,NA,NA
3,"SENTINEL_Llama_LTM","Q1.Likert.scale",3,NA,NA,NA,NA,NA,NA,NA,NA
2,"SENTINEL_Llama_LTM","Q1.Likert.scale",3,NA,NA,NA,NA,NA,NA,NA,NA
3,"SENTINEL_Llama_LTM","Q1.Likert.scale",3,NA,NA,NA,NA,NA,NA,NA,NA
3,"SENTINEL_Llama_LTM","Q1.Likert.scale",3,NA,NA,NA,NA,NA,NA,NA,NA
4,"SENTINEL_Llama_LTM","Q1.Likert.scale",3,NA,NA,NA,NA,NA,NA,NA,NA
3,"SENTINEL_Llama_LTM","Q1.Likert.scale",3,NA,NA,NA,NA,NA,NA,NA,NA
3,"SENTINEL_Llama_LTM","Q1.Likert.scale",3,NA,NA,NA,NA,NA,NA,NA,NA
NA,"SENTINEL_Llama_LTM","Q2.Likert.scale",7,3,NA,NA,NA,NA,NA,NA,NA
NA,"SENTINEL_Llama_LTM","Q2.Likert.scale",7,3,NA,NA,NA,NA,NA,NA,NA
NA,"SENTINEL_Llama_LTM","Q2.Likert.scale",7,3,NA,NA,NA,NA,NA,NA,NA
NA,"SENTINEL_Llama_LTM","Q2.Likert.scale",7,3,NA,NA,NA,NA,NA,NA,NA
NA,"SENTINEL_Llama_LTM","Q2.Likert.scale",7,3,NA,NA,NA,NA,NA,NA,NA
NA,"SENTINEL_Llama_LTM","Q2.Likert.scale",7,4,NA,NA,NA,NA,NA,NA,NA
NA,"SENTINEL_Llama_LTM","Q2.Likert.scale",7,5,NA,NA,NA,NA,NA,NA,NA
NA,"SENTINEL_Llama_LTM","Q2.Likert.scale",7,3,NA,NA,NA,NA,NA,NA,NA
NA,"SENTINEL_Llama_LTM","Q2.Likert.scale",7,2,NA,NA,NA,NA,NA,NA,NA
NA,"SENTINEL_Llama_LTM","Q2.Likert.scale",7,3,NA,NA,NA,NA,NA,NA,NA
NA,"SENTINEL_Llama_LTM","Q2.Likert.scale",7,3,NA,NA,NA,NA,NA,NA,NA
NA,"SENTINEL_Llama_LTM","Q2.Likert.scale",7,2,NA,NA,NA,NA,NA,NA,NA
NA,"SENTINEL_Llama_LTM","Q2.Likert.scale",7,3,NA,NA,NA,NA,NA,NA,NA
NA,"SENTINEL_Llama_LTM","Q2.Likert.scale",7,4,NA,NA,NA,NA,NA,NA,NA
NA,"SENTINEL_Llama_LTM","Q2.Likert.scale",7,3,NA,NA,NA,NA,NA,NA,NA
NA,"SENTINEL_Llama_LTM","Q3.Likert.scale",11,NA,3,NA,NA,NA,NA,NA,NA
NA,"SENTINEL_Llama_LTM","Q3.Likert.scale",11,NA,2,NA,NA,NA,NA,NA,NA
NA,"SENTINEL_Llama_LTM","Q3.Likert.scale",11,NA,2,NA,NA,NA,NA,NA,NA
NA,"SENTINEL_Llama_LTM","Q3.Likert.scale",11,NA,3,NA,NA,NA,NA,NA,NA
NA,"SENTINEL_Llama_LTM","Q3.Likert.scale",11,NA,2,NA,NA,NA,NA,NA,NA
NA,"SENTINEL_Llama_LTM","Q3.Likert.scale",11,NA,3,NA,NA,NA,NA,NA,NA
NA,"SENTINEL_Llama_LTM","Q3.Likert.scale",11,NA,3,NA,NA,NA,NA,NA,NA
NA,"SENTINEL_Llama_LTM","Q3.Likert.scale",11,NA,2,NA,NA,NA,NA,NA,NA
NA,"SENTINEL_Llama_LTM","Q3.Likert.scale",11,NA,3,NA,NA,NA,NA,NA,NA
NA,"SENTINEL_Llama_LTM","Q3.Likert.scale",11,NA,2,NA,NA,NA,NA,NA,NA
NA,"SENTINEL_Llama_LTM","Q3.Likert.scale",11,NA,2,NA,NA,NA,NA,NA,NA
NA,"SENTINEL_Llama_LTM","Q3.Likert.scale",11,NA,2,NA,NA,NA,NA,NA,NA
NA,"SENTINEL_Llama_LTM","Q3.Likert.scale",11,NA,3,NA,NA,NA,NA,NA,NA
NA,"SENTINEL_Llama_LTM","Q3.Likert.scale",11,NA,3,NA,NA,NA,NA,NA,NA
NA,"SENTINEL_Llama_LTM","Q3.Likert.scale",11,NA,1,NA,NA,NA,NA,NA,NA
NA,"SENTINEL_Llama_LTM","Q4.Likert.scale",15,NA,NA,2,NA,NA,NA,NA,NA
NA,"SENTINEL_Llama_LTM","Q4.Likert.scale",15,NA,NA,NA,NA,NA,NA,NA,NA
NA,"SENTINEL_Llama_LTM","Q4.Likert.scale",15,NA,NA,2,NA,NA,NA,NA,NA
NA,"SENTINEL_Llama_LTM","Q4.Likert.scale",15,NA,NA,4,NA,NA,NA,NA,NA
NA,"SENTINEL_Llama_LTM","Q4.Likert.scale",15,NA,NA,2,NA,NA,NA,NA,NA
NA,"SENTINEL_Llama_LTM","Q4.Likert.scale",15,NA,NA,3,NA,NA,NA,NA,NA
NA,"SENTINEL_Llama_LTM","Q4.Likert.scale",15,NA,NA,4,NA,NA,NA,NA,NA
NA,"SENTINEL_Llama_LTM","Q4.Likert.scale",15,NA,NA,3,NA,NA,NA,NA,NA
NA,"SENTINEL_Llama_LTM","Q4.Likert.scale",15,NA,NA,3,NA,NA,NA,NA,NA
NA,"SENTINEL_Llama_LTM","Q4.Likert.scale",15,NA,NA,3,NA,NA,NA,NA,NA
NA,"SENTINEL_Llama_LTM","Q4.Likert.scale",15,NA,NA,3,NA,NA,NA,NA,NA
NA,"SENTINEL_Llama_LTM","Q4.Likert.scale",15,NA,NA,4,NA,NA,NA,NA,NA
NA,"SENTINEL_Llama_LTM","Q4.Likert.scale",15,NA,NA,4,NA,NA,NA,NA,NA
NA,"SENTINEL_Llama_LTM","Q4.Likert.scale",15,NA,NA,4,NA,NA,NA,NA,NA
NA,"SENTINEL_Llama_LTM","Q4.Likert.scale",15,NA,NA,NA,NA,NA,NA,NA,NA
NA,"SENTINEL_Llama_LTM","Q5.Likert.scale",19,NA,NA,NA,2,NA,NA,NA,NA
NA,"SENTINEL_Llama_LTM","Q5.Likert.scale",19,NA,NA,NA,NA,NA,NA,NA,NA
NA,"SENTINEL_Llama_LTM","Q5.Likert.scale",19,NA,NA,NA,2,NA,NA,NA,NA
NA,"SENTINEL_Llama_LTM","Q5.Likert.scale",19,NA,NA,NA,2,NA,NA,NA,NA
NA,"SENTINEL_Llama_LTM","Q5.Likert.scale",19,NA,NA,NA,1,NA,NA,NA,NA
NA,"SENTINEL_Llama_LTM","Q5.Likert.scale",19,NA,NA,NA,3,NA,NA,NA,NA
NA,"SENTINEL_Llama_LTM","Q5.Likert.scale",19,NA,NA,NA,3,NA,NA,NA,NA
NA,"SENTINEL_Llama_LTM","Q5.Likert.scale",19,NA,NA,NA,2,NA,NA,NA,NA
NA,"SENTINEL_Llama_LTM","Q5.Likert.scale",19,NA,NA,NA,2,NA,NA,NA,NA
NA,"SENTINEL_Llama_LTM","Q5.Likert.scale",19,NA,NA,NA,2,NA,NA,NA,NA
NA,"SENTINEL_Llama_LTM","Q5.Likert.scale",19,NA,NA,NA,2,NA,NA,NA,NA
NA,"SENTINEL_Llama_LTM","Q5.Likert.scale",19,NA,NA,NA,2,NA,NA,NA,NA
NA,"SENTINEL_Llama_LTM","Q5.Likert.scale",19,NA,NA,NA,2,NA,NA,NA,NA
NA,"SENTINEL_Llama_LTM","Q5.Likert.scale",19,NA,NA,NA,1,NA,NA,NA,NA
NA,"SENTINEL_Llama_LTM","Q5.Likert.scale",19,NA,NA,NA,NA,NA,NA,NA,NA
NA,"SENTINEL_Llama_LTM","Q6.Likert.scale",23,NA,NA,NA,NA,3,NA,NA,NA
NA,"SENTINEL_Llama_LTM","Q6.Likert.scale",23,NA,NA,NA,NA,2,NA,NA,NA
NA,"SENTINEL_Llama_LTM","Q6.Likert.scale",23,NA,NA,NA,NA,4,NA,NA,NA
NA,"SENTINEL_Llama_LTM","Q6.Likert.scale",23,NA,NA,NA,NA,4,NA,NA,NA
NA,"SENTINEL_Llama_LTM","Q6.Likert.scale",23,NA,NA,NA,NA,2,NA,NA,NA
NA,"SENTINEL_Llama_LTM","Q6.Likert.scale",23,NA,NA,NA,NA,NA,NA,NA,NA
NA,"SENTINEL_Llama_LTM","Q6.Likert.scale",23,NA,NA,NA,NA,3,NA,NA,NA
NA,"SENTINEL_Llama_LTM","Q6.Likert.scale",23,NA,NA,NA,NA,NA,NA,NA,NA
NA,"SENTINEL_Llama_LTM","Q6.Likert.scale",23,NA,NA,NA,NA,NA,NA,NA,NA
NA,"SENTINEL_Llama_LTM","Q6.Likert.scale",23,NA,NA,NA,NA,NA,NA,NA,NA
NA,"SENTINEL_Llama_LTM","Q6.Likert.scale",23,NA,NA,NA,NA,NA,NA,NA,NA
NA,"SENTINEL_Llama_LTM","Q6.Likert.scale",23,NA,NA,NA,NA,NA,NA,NA,NA
NA,"SENTINEL_Llama_LTM","Q6.Likert.scale",23,NA,NA,NA,NA,2,NA,NA,NA
NA,"SENTINEL_Llama_LTM","Q6.Likert.scale",23,NA,NA,NA,NA,2,NA,NA,NA
NA,"SENTINEL_Llama_LTM","Q6.Likert.scale",23,NA,NA,NA,NA,3,NA,NA,NA
NA,"SENTINEL_Llama_LTM","Q7.Likert.scale",27,NA,NA,NA,NA,NA,2,NA,NA
NA,"SENTINEL_Llama_LTM","Q7.Likert.scale",27,NA,NA,NA,NA,NA,2,NA,NA
NA,"SENTINEL_Llama_LTM","Q7.Likert.scale",27,NA,NA,NA,NA,NA,2,NA,NA
NA,"SENTINEL_Llama_LTM","Q7.Likert.scale",27,NA,NA,NA,NA,NA,2,NA,NA
NA,"SENTINEL_Llama_LTM","Q7.Likert.scale",27,NA,NA,NA,NA,NA,2,NA,NA
NA,"SENTINEL_Llama_LTM","Q7.Likert.scale",27,NA,NA,NA,NA,NA,2,NA,NA
NA,"SENTINEL_Llama_LTM","Q7.Likert.scale",27,NA,NA,NA,NA,NA,2,NA,NA
NA,"SENTINEL_Llama_LTM","Q7.Likert.scale",27,NA,NA,NA,NA,NA,2,NA,NA
NA,"SENTINEL_Llama_LTM","Q7.Likert.scale",27,NA,NA,NA,NA,NA,2,NA,NA
NA,"SENTINEL_Llama_LTM","Q7.Likert.scale",27,NA,NA,NA,NA,NA,3,NA,NA
NA,"SENTINEL_Llama_LTM","Q7.Likert.scale",27,NA,NA,NA,NA,NA,2,NA,NA
NA,"SENTINEL_Llama_LTM","Q7.Likert.scale",27,NA,NA,NA,NA,NA,2,NA,NA
NA,"SENTINEL_Llama_LTM","Q7.Likert.scale",27,NA,NA,NA,NA,NA,2,NA,NA
NA,"SENTINEL_Llama_LTM","Q7.Likert.scale",27,NA,NA,NA,NA,NA,2,NA,NA
NA,"SENTINEL_Llama_LTM","Q7.Likert.scale",27,NA,NA,NA,NA,NA,2,NA,NA
NA,"SENTINEL_Llama_LTM","Q8.Likert.scale",31,NA,NA,NA,NA,NA,NA,3,NA
NA,"SENTINEL_Llama_LTM","Q8.Likert.scale",31,NA,NA,NA,NA,NA,NA,3,NA
NA,"SENTINEL_Llama_LTM","Q8.Likert.scale",31,NA,NA,NA,NA,NA,NA,3,NA
NA,"SENTINEL_Llama_LTM","Q8.Likert.scale",31,NA,NA,NA,NA,NA,NA,3,NA
NA,"SENTINEL_Llama_LTM","Q8.Likert.scale",31,NA,NA,NA,NA,NA,NA,3,NA
NA,"SENTINEL_Llama_LTM","Q8.Likert.scale",31,NA,NA,NA,NA,NA,NA,3,NA
NA,"SENTINEL_Llama_LTM","Q8.Likert.scale",31,NA,NA,NA,NA,NA,NA,3,NA
NA,"SENTINEL_Llama_LTM","Q8.Likert.scale",31,NA,NA,NA,NA,NA,NA,3,NA
NA,"SENTINEL_Llama_LTM","Q8.Likert.scale",31,NA,NA,NA,NA,NA,NA,3,NA
NA,"SENTINEL_Llama_LTM","Q8.Likert.scale",31,NA,NA,NA,NA,NA,NA,2,NA
NA,"SENTINEL_Llama_LTM","Q8.Likert.scale",31,NA,NA,NA,NA,NA,NA,1,NA
NA,"SENTINEL_Llama_LTM","Q8.Likert.scale",31,NA,NA,NA,NA,NA,NA,3,NA
NA,"SENTINEL_Llama_LTM","Q8.Likert.scale",31,NA,NA,NA,NA,NA,NA,2,NA
NA,"SENTINEL_Llama_LTM","Q8.Likert.scale",31,NA,NA,NA,NA,NA,NA,2,NA
NA,"SENTINEL_Llama_LTM","Q8.Likert.scale",31,NA,NA,NA,NA,NA,NA,2,NA
NA,"SENTINEL_Llama_LTM","Q9.Likert.scale",35,NA,NA,NA,NA,NA,NA,NA,3
NA,"SENTINEL_Llama_LTM","Q9.Likert.scale",35,NA,NA,NA,NA,NA,NA,NA,NA
NA,"SENTINEL_Llama_LTM","Q9.Likert.scale",35,NA,NA,NA,NA,NA,NA,NA,3
NA,"SENTINEL_Llama_LTM","Q9.Likert.scale",35,NA,NA,NA,NA,NA,NA,NA,5
NA,"SENTINEL_Llama_LTM","Q9.Likert.scale",35,NA,NA,NA,NA,NA,NA,NA,4
NA,"SENTINEL_Llama_LTM","Q9.Likert.scale",35,NA,NA,NA,NA,NA,NA,NA,NA
NA,"SENTINEL_Llama_LTM","Q9.Likert.scale",35,NA,NA,NA,NA,NA,NA,NA,4
NA,"SENTINEL_Llama_LTM","Q9.Likert.scale",35,NA,NA,NA,NA,NA,NA,NA,4
NA,"SENTINEL_Llama_LTM","Q9.Likert.scale",35,NA,NA,NA,NA,NA,NA,NA,NA
NA,"SENTINEL_Llama_LTM","Q9.Likert.scale",35,NA,NA,NA,NA,NA,NA,NA,3
NA,"SENTINEL_Llama_LTM","Q9.Likert.scale",35,NA,NA,NA,NA,NA,NA,NA,3
NA,"SENTINEL_Llama_LTM","Q9.Likert.scale",35,NA,NA,NA,NA,NA,NA,NA,NA
NA,"SENTINEL_Llama_LTM","Q9.Likert.scale",35,NA,NA,NA,NA,NA,NA,NA,3
NA,"SENTINEL_Llama_LTM","Q9.Likert.scale",35,NA,NA,NA,NA,NA,NA,NA,NA
NA,"SENTINEL_Llama_LTM","Q9.Likert.scale",35,NA,NA,NA,NA,NA,NA,NA,3
